jenis_makanan,manufacturer,serving_size,kalori,protein_g,carbohydrate_g,fat_g,sugar_g,sodium_mg,fiber_g,energy_percentage_dv,protein_percentage_dv,carbohydrate_percentage_dv,fat_percentage_dv,sodium_percentage_dv,Lemak jenuh,Natrium,Protein,Karbohidrat total,Energi,Lemak total,Serat pangan,usia
"ikan sunu, asin, mentah",Tidak Diketahui,20.30 g,199.0,34.1,7.1,3.8,0.0,377.0,0.0,9.26,56.83,2.18,5.67,25.13,0.0,0.0,0.0,0.0,0.0,0.0,0.0,69
"soto pekalongan, masakan",Tidak Diketahui,1.30 g,94.0,3.0,5.1,6.8,0.0,0.0,0.3,4.37,5.0,1.57,10.15,0.0,0.0,0.0,0.0,0.0,0.0,0.0,0.0,38
marie duo,Tidak Diketahui,1 g,15.0,1.0,14.0,3.5,5.0,85.0,1.0,4.19,1.67,4.31,5.22,5.67,10.0,6.0,0.0,0.0,0.0,0.0,0.0,75
"kaparende, sayur",Tidak Diketahui,1.30 g,38.0,2.4,2.6,2.0,0.0,170.0,1.5,1.77,4.0,0.8,2.99,11.33,0.0,0.0,0.0,0.0,0.0,0.0,0.0,64
kacang lebui / iris,Tidak Diketahui,3.60 g,346.0,16.5,66.6,1.5,0.0,17.0,37.3,16.09,27.5,20.49,2.24,1.13,0.0,0.0,0.0,0.0,0.0,0.0,0.0,44
the coffe bean & tea leaf pure vanilla ice blended drink,Tidak Diketahui,15 g,410.0,15.0,70.0,9.0,63.0,0.0,0.0,19.07,25.0,21.54,13.43,0.0,0.0,0.0,25.0,22.0,20.0,0.0,0.0,12
dairy queen banana split,Tidak Diketahui,4 g,520.0,9.0,92.0,14.0,72.0,0.0,4.0,24.19,15.0,28.31,20.9,0.0,0.0,0.0,0.0,29.0,25.0,21.0,0.0,31
"gembili, ubi, segar",Tidak Diketahui,1 g,131.0,1.1,31.3,0.2,0.0,10.0,1.1,6.09,1.83,9.63,0.3,0.67,0.0,0.0,0.0,0.0,0.0,0.0,0.0,48
baked lotus paste mooncake with two egg yolks,Tidak Diketahui,0.85 g,223.0,4.05,20.5,13.79,0.0,0.0,0.85,10.37,6.75,6.31,20.58,0.0,0.0,0.0,7.0,0.0,11.0,21.0,0.0,14
cumi-cumi,Tidak Diketahui,0.90 g,75.0,16.1,0.1,0.7,0.0,37.0,0.0,3.49,26.83,0.03,1.04,2.47,0.0,0.0,0.0,0.0,0.0,0.0,0.0,63
"kunyit, segar",Tidak Diketahui,1.30 g,69.0,2.0,9.1,2.7,0.0,6.0,0.6,3.21,3.33,2.8,4.03,0.4,0.0,0.0,0.0,0.0,0.0,0.0,0.0,33
the coffe bean & tea leaf black forest ice blended drink,Tidak Diketahui,12 g,490.0,12.0,89.0,10.0,76.0,0.0,0.0,22.79,20.0,27.38,14.93,0.0,0.0,0.0,20.0,28.0,23.0,0.0,0.0,71
coklat silverqueen almond,PT. Petra food indonesia,4 g,170.0,4.0,14.0,11.0,11.0,0.0,0.0,7.91,6.67,4.31,16.42,0.0,0.0,0.0,7.0,0.0,8.0,17.0,0.0,40
"daun gedi besar, segar",Tidak Diketahui,2.40 g,58.0,2.9,10.0,0.7,0.0,30.0,3.3,2.7,4.83,3.08,1.04,2.0,0.0,0.0,0.0,0.0,0.0,0.0,0.0,36
kopi hitam tanpa gula,Tidak Diketahui,0.28 g,2.0,0.28,0.09,0.05,0.0,0.0,0.0,0.09,0.47,0.03,0.07,0.0,0.0,0.0,1.0,0.0,1.0,1.0,0.0,39
tumis keumamah,Tidak Diketahui,4.30 g,300.0,14.5,15.5,20.0,0.0,0.0,4.5,13.95,24.17,4.77,29.85,0.0,0.0,0.0,0.0,0.0,0.0,0.0,0.0,48
regal biskuit marie,CV. JAYA ABADI,1 g,70.0,1.0,12.0,2.0,0.0,45.0,0.0,3.26,1.67,3.69,2.99,3.0,0.0,3.0,0.0,4.0,4.0,0.0,0.0,46
teh hijau daun kering,Tidak Diketahui,5.60 g,300.0,28.3,53.6,4.8,0.0,60.0,9.6,13.95,47.17,16.49,7.16,4.0,0.0,0.0,0.0,0.0,0.0,0.0,0.0,40
susu ultra milk rasa coklat 200 ml,PT. Ultrajaya Milk Industy,6 g,160.0,6.0,24.0,4.0,0.0,45.0,0.0,7.44,10.0,7.38,5.97,3.0,15.0,0.0,10.0,0.0,8.0,0.0,0.0,41
frisian flag putih (kental manis),PT. Frisian Flag Indonesia,1 g,140.0,1.0,23.0,4.0,19.0,0.0,0.0,6.51,1.67,7.08,5.97,0.0,0.0,0.0,0.0,8.0,7.0,6.0,0.0,80
sedaap kecap manis,PT. BUMI ALAM SEGAR,1 g,70.0,1.0,16.0,0.0,13.0,290.0,0.0,3.26,1.67,4.92,0.0,19.33,0.0,20.0,0.0,5.0,4.0,0.0,0.0,48
outback steackhouse slow roasted prime rib,Tidak Diketahui,46 g,700.0,46.0,0.0,57.0,0.0,0.0,0.0,32.56,76.67,0.0,85.07,0.0,0.0,0.0,77.0,0.0,33.0,86.0,0.0,24
es krim diamond vanilla,PT. Sukanda djaya,2 g,110.0,2.0,12.0,6.0,9.0,0.0,0.0,5.12,3.33,3.69,8.96,0.0,0.0,0.0,0.0,4.0,6.0,9.0,0.0,14
"genjer, segar",Tidak Diketahui,0.40 g,35.0,1.7,7.7,0.2,0.0,64.0,2.5,1.63,2.83,2.37,0.3,4.27,0.0,0.0,0.0,0.0,0.0,0.0,0.0,24
"taoge kacang kedelai, segar",Tidak Diketahui,1 g,76.0,9.0,6.4,2.6,0.0,5.0,0.7,3.53,15.0,1.97,3.88,0.33,0.0,0.0,0.0,0.0,0.0,0.0,0.0,18
renggi goreng,Tidak Diketahui,0.60 g,471.0,4.7,64.1,21.8,0.0,126.0,6.4,21.91,7.83,19.72,32.54,8.4,0.0,0.0,0.0,0.0,0.0,0.0,0.0,77
saus char siu (chinese bbq),Tidak Diketahui,0 g,60.0,0.0,14.0,0.0,13.0,0.0,0.0,2.79,0.0,4.31,0.0,0.0,0.0,0.0,0.0,5.0,3.0,0.0,0.0,10
"daun kedongdong, segar",Tidak Diketahui,1.80 g,59.0,3.5,13.4,0.3,0.0,12.0,10.7,2.74,5.83,4.12,0.45,0.8,0.0,0.0,0.0,0.0,0.0,0.0,0.0,52
semur jengkol,Tidak Diketahui,2.20 g,212.0,6.0,29.1,10.0,0.0,0.0,0.0,9.86,10.0,8.95,14.93,0.0,0.0,0.0,0.0,0.0,0.0,0.0,0.0,21
chatime taro milk tea,Tidak Diketahui,2 g,399.0,2.0,70.0,12.0,54.5,0.0,0.0,18.56,3.33,21.54,17.91,0.0,0.0,0.0,0.0,22.0,19.0,18.0,0.0,69
biokul natural set yogurt,PT. Sukanda djaya,5 g,70.0,5.0,10.0,1.0,3.0,0.0,0.0,3.26,8.33,3.08,1.49,0.0,0.0,0.0,9.0,4.0,4.0,0.0,0.0,26
kambose,Tidak Diketahui,0.70 g,164.0,3.0,32.6,2.4,0.0,0.0,4.3,7.63,5.0,10.03,3.58,0.0,0.0,0.0,0.0,0.0,0.0,0.0,0.0,64
sarden abc saus tomat,PT. ABC Heinz Indonesia,12 g,100.0,12.0,9.0,2.0,2.0,0.0,0.0,4.65,20.0,2.77,2.99,0.0,0.0,0.0,20.0,0.0,5.0,3.0,0.0,46
"parede baleh, masakan",Tidak Diketahui,1.50 g,87.0,10.5,5.5,2.5,0.0,416.0,0.0,4.05,17.5,1.69,3.73,27.73,0.0,0.0,0.0,0.0,0.0,0.0,0.0,71
nasi gurih,Tidak Diketahui,1.30 g,190.0,4.7,26.0,7.5,0.0,296.0,0.7,8.84,7.83,8.0,11.19,19.73,0.0,0.0,0.0,0.0,0.0,0.0,0.0,29
you c100 orange water,PT. Djojonegoro,0 g,160.0,0.0,40.0,0.0,40.0,0.0,0.0,7.44,0.0,12.31,0.0,0.0,0.0,0.0,0.0,13.0,8.0,0.0,0.0,49
diamond milk susu uht full cream,PT. Diamond Cold Storage,6 g,120.0,6.0,10.0,6.0,0.0,100.0,0.0,5.58,10.0,3.08,8.96,6.67,0.0,7.0,10.0,0.0,0.0,9.0,0.0,29
kacang tolo / tunggak,Tidak Diketahui,3.60 g,331.0,24.4,56.6,1.9,0.0,15.0,1.6,15.4,40.67,17.42,2.84,1.0,0.0,0.0,0.0,0.0,0.0,0.0,0.0,13
"babi, daging, kurus, segar",Tidak Diketahui,0.90 g,371.0,14.1,0.0,35.0,0.0,97.0,0.0,17.26,23.5,0.0,52.24,6.47,0.0,0.0,0.0,0.0,0.0,0.0,0.0,28
keripik tempe abadi besar,Tidak Diketahui,2.80 g,556.0,15.8,39.8,37.1,0.0,0.0,3.5,25.86,26.33,12.25,55.37,0.0,0.0,0.0,0.0,0.0,0.0,0.0,0.0,30
sunduk lawang,Tidak Diketahui,1 g,181.0,1.9,32.4,1.3,0.0,0.0,0.0,8.42,3.17,9.97,1.94,0.0,0.0,0.0,0.0,0.0,0.0,0.0,0.0,76
"jengkol, segar",Tidak Diketahui,0.90 g,192.0,5.4,40.7,0.3,0.0,60.0,1.5,8.93,9.0,12.52,0.45,4.0,0.0,0.0,0.0,0.0,0.0,0.0,0.0,51
"ketan putih, matang",Tidak Diketahui,0.20 g,163.0,3.0,35.7,0.4,0.0,8.0,0.2,7.58,5.0,10.98,0.6,0.53,0.0,0.0,0.0,0.0,0.0,0.0,0.0,35
susu ultra milk rasa coklat 1000 ml,"PT. Ultrajaya Milk Industry, Tbk",8 g,45.0,8.0,30.0,5.0,24.0,55.0,0.0,9.3,13.33,9.23,7.46,3.67,20.0,0.0,14.0,0.0,10.0,0.0,0.0,41
"jagung kuning, tepung",Tidak Diketahui,1.20 g,355.0,9.2,73.7,3.9,0.0,11.0,7.2,16.51,15.33,22.68,5.82,0.73,0.0,0.0,0.0,0.0,0.0,0.0,0.0,31
padamaran,Tidak Diketahui,0.80 g,171.0,3.9,18.8,8.9,0.0,0.0,0.0,7.95,6.5,5.78,13.28,0.0,0.0,0.0,0.0,0.0,0.0,0.0,0.0,22
"beras tumbuk merah, mentah",Tidak Diketahui,1 g,352.0,7.3,76.2,0.9,0.0,10.0,0.8,16.37,12.17,23.45,1.34,0.67,0.0,0.0,0.0,0.0,0.0,0.0,0.0,12
karawila,Tidak Diketahui,0.30 g,25.0,2.3,3.5,0.2,0.0,8.0,2.1,1.16,3.83,1.08,0.3,0.53,0.0,0.0,0.0,0.0,0.0,0.0,0.0,22
"ikan teri nasi, kering, mentah",Tidak Diketahui,32.40 g,144.0,32.5,0.0,0.6,0.0,312.0,0.0,6.7,54.17,0.0,0.9,20.8,0.0,0.0,0.0,0.0,0.0,0.0,0.0,16
nutrisari yuzu orange,PT. Nutrifood Indonesia,0 g,45.0,0.0,10.0,0.0,9.0,20.0,0.0,2.09,0.0,3.08,0.0,1.33,0.0,0.0,0.0,0.0,0.0,0.0,0.0,47
"sate pusut, masakan",Tidak Diketahui,2.80 g,274.0,12.9,13.6,18.6,0.0,609.0,0.0,12.74,21.5,4.18,27.76,40.6,0.0,0.0,0.0,0.0,0.0,0.0,0.0,72
kue bangen,Tidak Diketahui,2.20 g,442.0,3.3,74.2,14.7,0.0,0.0,0.0,20.56,5.5,22.83,21.94,0.0,0.0,0.0,0.0,0.0,0.0,0.0,0.0,33
burger carl's jr the big carl,Tidak Diketahui,3 g,920.0,47.0,56.0,58.0,12.0,0.0,3.0,42.79,78.33,17.23,86.57,0.0,0.0,0.0,79.0,0.0,43.0,87.0,0.0,22
coklat manis batang,Tidak Diketahui,4.10 g,527.0,2.0,62.7,29.8,0.0,6.0,6.5,24.51,3.33,19.29,44.48,0.4,0.0,0.0,0.0,0.0,0.0,0.0,0.0,40
moon tahu,Tidak Diketahui,0.80 g,128.0,8.0,1.3,10.0,0.0,393.0,0.2,5.95,13.33,0.4,14.93,26.2,0.0,0.0,0.0,0.0,0.0,0.0,0.0,43
bakwan,Tidak Diketahui,2.10 g,280.0,8.2,39.0,10.2,0.0,0.0,3.4,13.02,13.67,12.0,15.22,0.0,0.0,0.0,0.0,0.0,0.0,0.0,0.0,64
roti boong,Tidak Diketahui,1 g,341.0,5.5,43.3,16.2,0.0,161.0,0.0,15.86,9.17,13.32,24.18,10.73,0.0,0.0,0.0,0.0,0.0,0.0,0.0,43
nestle honey star sereal,PT. Nestle Indonesia,1 g,110.0,1.0,25.0,1.0,0.0,10.0,0.0,5.12,1.67,7.69,1.49,0.67,0.0,0.0,2.0,8.0,6.0,0.0,0.0,19
es krim wall's oreo chocolate,PT. Andrawina Darma Manunggal Mulya,1 g,140.0,2.0,21.0,4.0,15.0,0.0,1.0,6.51,3.33,6.46,5.97,0.0,0.0,0.0,0.0,7.0,7.0,6.0,0.0,74
minyak hati hiu,Tidak Diketahui,0 g,902.0,0.0,0.0,100.0,0.0,0.0,0.0,41.95,0.0,0.0,149.25,0.0,0.0,0.0,0.0,0.0,0.0,0.0,0.0,65
onde-onde,Tidak Diketahui,0.60 g,336.0,4.0,57.9,9.8,0.0,0.0,0.0,15.63,6.67,17.82,14.63,0.0,0.0,0.0,0.0,0.0,0.0,0.0,0.0,80
sarimi isi 2 ayam bawang,PT. SARIMI ASLI JAYA,3 g,510.0,13.0,70.0,20.0,3.0,0.0,3.0,23.72,21.67,21.54,29.85,0.0,0.0,0.0,22.0,0.0,24.0,30.0,0.0,18
mie kuah gaga 100 xtra pedas  jalapeno,Tidak Diketahui,9 g,120.0,9.0,43.0,13.0,2.0,1320.0,0.0,15.35,15.0,13.23,19.4,88.0,0.0,88.0,0.0,0.0,16.0,20.0,0.0,66
kin bulgarian style yogurt strawberry,PT. ABC kogyn dairy,4 g,35.0,4.0,29.0,3.5,27.0,50.0,0.0,7.91,6.67,8.92,5.22,3.33,0.0,0.0,7.0,9.0,8.0,0.0,0.0,52
"lumai / leunca, segar",Tidak Diketahui,0.50 g,38.0,1.1,7.6,0.3,0.0,2.0,2.0,1.77,1.83,2.34,0.45,0.13,0.0,0.0,0.0,0.0,0.0,0.0,0.0,70
keripik tempe abadi prima,Tidak Diketahui,2.60 g,540.0,16.7,42.0,33.9,0.0,0.0,2.2,25.12,27.83,12.92,50.6,0.0,0.0,0.0,0.0,0.0,0.0,0.0,0.0,18
hokben chicken karaage,Tidak Diketahui,25 g,340.0,25.0,15.0,20.5,0.0,0.0,0.0,15.81,41.67,4.62,30.6,0.0,0.0,0.0,42.0,0.0,16.0,31.0,0.0,53
kwaci,Tidak Diketahui,3.70 g,515.0,30.6,13.8,42.1,0.0,124.0,13.6,23.95,51.0,4.25,62.84,8.27,0.0,0.0,0.0,0.0,0.0,0.0,0.0,48
sawo duren,Tidak Diketahui,0.60 g,64.0,1.0,8.0,3.1,0.0,13.0,0.8,2.98,1.67,2.46,4.63,0.87,0.0,0.0,0.0,0.0,0.0,0.0,0.0,13
subway turkey breast sandwich,Tidak Diketahui,5 g,280.0,18.0,46.0,3.5,7.0,0.0,5.0,13.02,30.0,14.15,5.22,0.0,0.0,0.0,30.0,15.0,0.0,0.0,17.0,26
qtela tempe,PT. Indofood CBP Sukses Makmur Tbk.,4 g,110.0,4.0,8.0,7.0,0.0,0.0,0.0,5.12,6.67,2.46,10.45,0.0,0.0,0.0,7.0,0.0,6.0,11.0,0.0,22
"telur burung maleo, segar",Tidak Diketahui,0.80 g,436.0,26.5,0.4,36.3,0.0,77.0,0.0,20.28,44.17,0.12,54.18,5.13,0.0,0.0,0.0,0.0,0.0,0.0,0.0,14
marie salut cokelat,PT. KHONG GUAN,1 g,90.0,1.0,13.0,3.5,6.0,35.0,0.0,4.19,1.67,4.0,5.22,2.33,0.0,0.0,0.0,4.0,5.0,6.0,0.0,66
nabati hansel,Tidak Diketahui,2 g,70.0,2.0,7.0,4.0,5.0,30.0,0.0,3.26,3.33,2.15,5.97,2.0,15.0,0.0,4.0,0.0,0.0,6.0,0.0,30
kacang panjang biji,Tidak Diketahui,0.40 g,357.0,17.3,68.6,1.5,0.0,16.0,10.6,16.6,28.83,21.11,2.24,1.07,0.0,0.0,0.0,0.0,0.0,0.0,0.0,66
koro roay,Tidak Diketahui,3 g,344.0,12.5,69.4,2.1,0.0,18.0,7.5,16.0,20.83,21.35,3.13,1.2,0.0,0.0,0.0,0.0,0.0,0.0,0.0,29
bolu peca,Tidak Diketahui,0.90 g,197.0,3.3,35.6,4.6,0.0,0.0,0.0,9.16,5.5,10.95,6.87,0.0,0.0,0.0,0.0,0.0,0.0,0.0,0.0,20
air putih / air mineral / air minum,Tidak Diketahui,0 g,0.0,0.0,0.0,0.0,0.0,0.0,0.0,0.0,0.0,0.0,0.0,0.0,0.0,0.0,0.0,0.0,0.0,0.0,0.0,59
mr. bread roti tawar gandum,PT. Mr. Bread Company,2.50 g,199.0,7.0,36.0,3.0,2.0,487.0,2.5,9.26,11.67,11.08,4.48,32.47,0.0,33.0,12.0,12.0,0.0,0.0,0.0,68
"kacang hijau var. siwalik, kering",Tidak Diketahui,3.70 g,339.0,20.8,64.6,2.1,0.0,45.0,7.4,15.77,34.67,19.88,3.13,3.0,0.0,0.0,0.0,0.0,0.0,0.0,0.0,20
"ikan lehoma, segar",Tidak Diketahui,1.10 g,90.0,20.4,0.0,0.9,0.0,56.0,0.0,4.19,34.0,0.0,1.34,3.73,0.0,0.0,0.0,0.0,0.0,0.0,0.0,78
wingko babat,Tidak Diketahui,0.70 g,355.0,3.2,51.4,15.1,0.0,0.0,2.4,16.51,5.33,15.82,22.54,0.0,0.0,0.0,0.0,0.0,0.0,0.0,0.0,57
permen frozz mint,PT. Konimex,0 g,0.0,0.0,1.0,0.0,0.0,0.0,0.0,0.0,0.0,0.31,0.0,0.0,0.0,0.0,0.0,1.0,0.0,0.0,0.0,63
"daun kecipir, segar",Tidak Diketahui,1 g,52.0,5.0,8.5,0.5,0.0,6.0,0.0,2.42,8.33,2.62,0.75,0.4,0.0,0.0,0.0,0.0,0.0,0.0,0.0,43
frisian flag french vanilla low fat,PT. Frisian Flag Indonesia,7 g,110.0,7.0,16.0,2.5,16.0,110.0,0.0,5.12,11.67,4.92,3.73,7.33,0.0,8.0,12.0,0.0,6.0,0.0,0.0,72
cumi-cumi goreng,Tidak Diketahui,3.10 g,265.0,40.6,0.0,10.1,0.0,86.0,0.0,12.33,67.67,0.0,15.07,5.73,0.0,0.0,0.0,0.0,0.0,0.0,0.0,34
melinjo emping tipis goreng,Tidak Diketahui,1.50 g,485.0,11.5,59.1,24.5,0.0,0.0,0.0,22.56,19.17,18.18,36.57,0.0,0.0,0.0,0.0,0.0,0.0,0.0,0.0,39
"apem, kue",Tidak Diketahui,0.50 g,148.0,2.0,33.9,0.5,0.0,0.0,0.0,6.88,3.33,10.43,0.75,0.0,0.0,0.0,0.0,0.0,0.0,0.0,0.0,31
beef teriyaki,Tidak Diketahui,0.90 g,151.0,8.6,22.3,3.1,0.0,377.0,0.3,7.02,14.33,6.86,4.63,25.13,0.0,0.0,0.0,0.0,0.0,0.0,0.0,23
saori saus tiram,Tidak Diketahui,0 g,5.0,0.0,2.0,0.0,0.0,290.0,0.0,0.23,0.0,0.62,0.0,19.33,0.0,20.0,0.0,1.0,1.0,0.0,0.0,25
"ketan hitam, tapai",Tidak Diketahui,0.60 g,166.0,3.8,34.4,1.0,0.0,5.0,0.3,7.72,6.33,10.58,1.49,0.33,0.0,0.0,0.0,0.0,0.0,0.0,0.0,29
"gete kuah asam, masakan",Tidak Diketahui,3.80 g,75.0,8.2,6.0,2.0,0.0,260.0,0.0,3.49,13.67,1.85,2.99,17.33,0.0,0.0,0.0,0.0,0.0,0.0,0.0,78
"duwet, segar",Tidak Diketahui,0.50 g,80.0,0.5,18.2,0.6,0.0,16.0,0.9,3.72,0.83,5.6,0.9,1.07,0.0,0.0,0.0,0.0,0.0,0.0,0.0,73
mie lemonilo ayam bawang,PT. Lemonilo Indonesia Sehat,3 g,267.0,9.0,49.0,4.0,1.0,948.0,3.0,12.42,15.0,15.08,5.97,63.2,0.0,64.0,15.0,16.0,0.0,0.0,0.0,31
"bouiki ninahu nggaluku, masakan",Tidak Diketahui,5.30 g,94.0,7.8,10.8,2.2,0.0,58.0,0.0,4.37,13.0,3.32,3.28,3.87,0.0,0.0,0.0,0.0,0.0,0.0,0.0,19
coklat pahit batang,Tidak Diketahui,10.10 g,615.0,5.5,29.2,42.6,0.0,20.0,10.8,28.6,9.17,8.98,63.58,1.33,0.0,0.0,0.0,0.0,0.0,0.0,0.0,72
supermi ayam bawang,PT. Indofood CBP Sukses Makmur Tbk,4 g,130.0,7.0,46.0,15.0,2.0,1030.0,4.0,15.81,11.67,14.15,22.39,68.67,40.0,69.0,0.0,0.0,0.0,23.0,0.0,24
coco pops,Tidak Diketahui,1 g,120.0,2.0,26.0,0.5,12.0,0.0,1.0,5.58,3.33,8.0,0.75,0.0,0.0,0.0,4.0,8.0,6.0,0.0,0.0,71
"buah naga merah, segar",Tidak Diketahui,0.40 g,71.0,1.7,9.1,3.1,0.0,10.0,3.2,3.3,2.83,2.8,4.63,0.67,0.0,0.0,0.0,0.0,0.0,0.0,0.0,12
"gulai keumamah, masakan",Tidak Diketahui,1.30 g,110.0,5.9,3.2,8.2,0.0,335.0,0.0,5.12,9.83,0.98,12.24,22.33,0.0,0.0,0.0,0.0,0.0,0.0,0.0,76
ampas tahu kukus,Tidak Diketahui,0.60 g,75.0,4.1,10.7,2.1,0.0,0.0,5.1,3.49,6.83,3.29,3.13,0.0,0.0,0.0,0.0,0.0,0.0,0.0,0.0,18
cold stone creamery chocolate devotion,Tidak Diketahui,3 g,870.0,13.0,108.0,45.0,91.0,0.0,3.0,40.47,21.67,33.23,67.16,0.0,0.0,0.0,0.0,34.0,41.0,68.0,0.0,26
lepok / ubi rumput,Tidak Diketahui,0.90 g,181.0,2.8,39.8,1.2,0.0,116.0,10.7,8.42,4.67,12.25,1.79,7.73,0.0,0.0,0.0,0.0,0.0,0.0,0.0,43
"rajungan, segar",Tidak Diketahui,2.70 g,76.0,12.1,2.4,2.0,0.0,69.0,0.0,3.53,20.17,0.74,2.99,4.6,0.0,0.0,0.0,0.0,0.0,0.0,0.0,27
permen mentos peppermint,Tidak Diketahui,0 g,5.0,0.0,1.0,0.0,0.0,0.0,0.0,0.23,0.0,0.31,0.0,0.0,0.0,0.0,0.0,1.0,1.0,0.0,0.0,26
pop mie kuah pedes dower,PT. Indofood CBP Sukses Makmur Tbk.,3 g,360.0,6.0,46.0,16.0,4.0,0.0,3.0,16.74,10.0,14.15,23.88,0.0,0.0,0.0,0.0,15.0,17.0,24.0,0.0,16
"ketimun madura, segar",Tidak Diketahui,0.40 g,9.0,0.5,1.9,0.1,0.0,2.0,0.7,0.42,0.83,0.58,0.15,0.13,0.0,0.0,0.0,0.0,0.0,0.0,0.0,19
getuk goreng,Tidak Diketahui,1.50 g,360.0,1.3,74.3,6.4,0.0,0.0,0.8,16.74,2.17,22.86,9.55,0.0,0.0,0.0,0.0,0.0,0.0,0.0,0.0,44
laksa/putu mayang,Tidak Diketahui,0.60 g,121.0,1.7,21.1,3.4,0.0,0.0,0.0,5.63,2.83,6.49,5.07,0.0,0.0,0.0,0.0,0.0,0.0,0.0,0.0,71
ultramilk law fat source of calcium,"PT. Ultrajaya Milk Industry, Tbk",7 g,90.0,7.0,11.0,2.5,0.0,105.0,0.0,4.19,11.67,3.38,3.73,7.0,0.0,0.0,0.0,0.0,0.0,0.0,0.0,59
kacang urei,Tidak Diketahui,3.30 g,354.0,12.8,69.3,1.8,0.0,1.0,26.1,16.47,21.33,21.32,2.69,0.07,0.0,0.0,0.0,0.0,0.0,0.0,0.0,62
"ganyong, segar",Tidak Diketahui,0.90 g,77.0,0.6,18.4,0.2,0.0,0.0,0.8,3.58,1.0,5.66,0.3,0.0,0.0,0.0,0.0,0.0,0.0,0.0,0.0,45
keju,Tidak Diketahui,5.30 g,326.0,22.8,13.1,20.3,0.0,1410.0,0.0,15.16,38.0,4.03,30.3,94.0,0.0,0.0,0.0,0.0,0.0,0.0,0.0,26
"bebek (itik), daging, segar",Tidak Diketahui,1.10 g,321.0,16.0,0.0,28.6,0.0,54.0,0.0,14.93,26.67,0.0,42.69,3.6,0.0,0.0,0.0,0.0,0.0,0.0,0.0,32
sagu lemak (kue sagon),Tidak Diketahui,0.70 g,452.0,2.8,76.8,14.8,0.0,182.0,1.1,21.02,4.67,23.63,22.09,12.13,0.0,0.0,0.0,0.0,0.0,0.0,0.0,62
"buah kelenting, segar",Tidak Diketahui,1.20 g,110.0,1.4,21.4,2.1,0.0,2.0,0.0,5.12,2.33,6.58,3.13,0.13,0.0,0.0,0.0,0.0,0.0,0.0,0.0,28
masekat,Tidak Diketahui,0.80 g,369.0,2.1,74.1,7.0,0.0,141.0,4.0,17.16,3.5,22.8,10.45,9.4,0.0,0.0,0.0,0.0,0.0,0.0,0.0,37
"bakpia, kue",Tidak Diketahui,1.60 g,272.0,8.7,44.1,6.7,0.0,0.0,0.9,12.65,14.5,13.57,10.0,0.0,0.0,0.0,0.0,0.0,0.0,0.0,0.0,12
coklat susu batang,Tidak Diketahui,1.40 g,565.0,9.0,53.6,35.0,0.0,100.0,3.4,26.28,15.0,16.49,52.24,6.67,0.0,0.0,0.0,0.0,0.0,0.0,0.0,47
es teh manis,Tidak Diketahui,0.02 g,90.0,0.02,23.44,0.0,0.0,0.0,0.0,4.19,0.03,7.21,0.0,0.0,0.0,0.0,1.0,8.0,5.0,0.0,0.0,12
"cap cai / capcay / cap cay, sayur",Tidak Diketahui,1 g,97.0,5.8,4.2,6.3,0.0,405.0,0.6,4.51,9.67,1.29,9.4,27.0,0.0,0.0,0.0,0.0,0.0,0.0,0.0,79
keju cheddar,Tidak Diketahui,22.87 g,404.0,22.87,3.09,33.31,0.0,0.0,0.0,18.79,38.12,0.95,49.72,0.0,0.0,0.0,39.0,0.0,19.0,50.0,0.0,47
sawo kecik,Tidak Diketahui,1.40 g,111.0,0.9,21.6,2.3,0.0,28.0,1.0,5.16,1.5,6.65,3.43,1.87,0.0,0.0,0.0,0.0,0.0,0.0,0.0,16
keju kraft cheddar,PT. Kraft foods Indonesia,4 g,70.0,4.0,2.0,5.0,0.0,0.0,0.0,3.26,6.67,0.62,7.46,0.0,0.0,0.0,7.0,0.0,4.0,8.0,0.0,72
starbucks hot caffe mocha (notfat milk),Tidak Diketahui,13 g,250.0,13.0,42.0,2.5,0.0,0.0,0.0,11.63,21.67,12.92,3.73,0.0,0.0,0.0,22.0,13.0,12.0,0.0,0.0,52
koya,Tidak Diketahui,0.80 g,366.0,4.2,77.5,4.3,0.0,0.0,0.8,17.02,7.0,23.85,6.42,0.0,0.0,0.0,0.0,0.0,0.0,0.0,0.0,49
mi golosor,Tidak Diketahui,0.20 g,71.0,0.2,15.9,0.8,0.0,0.0,0.1,3.3,0.33,4.89,1.19,0.0,0.0,0.0,0.0,0.0,0.0,0.0,0.0,36
good day cappuccino,PT. Santos jaya abadi,1 g,170.0,1.0,32.0,3.5,25.0,0.0,1.0,7.91,1.67,9.85,5.22,0.0,0.0,0.0,0.0,10.0,8.0,6.0,0.0,25
"susu asam untuk bayi, bubuk",Tidak Diketahui,4 g,418.0,19.0,65.5,9.0,0.0,188.0,0.0,19.44,31.67,20.15,13.43,12.53,0.0,0.0,0.0,0.0,0.0,0.0,0.0,21
kacang bogor kering,Tidak Diketahui,3 g,370.0,16.0,65.0,6.0,0.0,44.0,26.3,17.21,26.67,20.0,8.96,2.93,0.0,0.0,0.0,0.0,0.0,0.0,0.0,58
khong guan malkist seaweed,Tidak Diketahui,1 g,90.0,1.0,12.0,3.5,2.0,0.0,0.0,4.19,1.67,3.69,5.22,0.0,0.0,0.0,0.0,4.0,5.0,6.0,0.0,44
"cantel / sorgum, mentah",Tidak Diketahui,1.70 g,366.0,11.0,73.0,3.3,0.0,7.0,1.2,17.02,18.33,22.46,4.93,0.47,0.0,0.0,0.0,0.0,0.0,0.0,0.0,28
"daun bluntas, segar",Tidak Diketahui,2.30 g,44.0,1.8,9.4,0.5,0.0,0.0,0.0,2.05,3.0,2.89,0.75,0.0,0.0,0.0,0.0,0.0,0.0,0.0,0.0,12
margarine,Tidak Diketahui,2.50 g,720.0,0.6,0.4,81.0,0.0,760.0,0.0,33.49,1.0,0.12,120.9,50.67,0.0,0.0,0.0,0.0,0.0,0.0,0.0,17
pocari sweat,PT. Amerta indah otsuka,0 g,70.0,0.0,17.0,0.0,16.0,0.0,0.0,3.26,0.0,5.23,0.0,0.0,0.0,0.0,0.0,6.0,4.0,0.0,0.0,15
starbucks iced caffe latte (wholemilk),Tidak Diketahui,8 g,120.0,8.0,13.0,7.0,0.0,0.0,0.0,5.58,13.33,4.0,10.45,0.0,0.0,0.0,14.0,0.0,6.0,11.0,0.0,11
susu kental manis,Tidak Diketahui,1.80 g,343.0,8.2,55.0,10.0,0.0,150.0,0.0,15.95,13.67,16.92,14.93,10.0,0.0,0.0,0.0,0.0,0.0,0.0,0.0,34
royco sup krim ayam,Tidak Diketahui,2 g,50.0,2.0,9.0,1.0,2.0,710.0,0.0,2.33,3.33,2.77,1.49,47.33,0.0,48.0,4.0,3.0,0.0,0.0,0.0,19
"keong, segar",Tidak Diketahui,4 g,64.0,12.0,2.0,1.0,0.0,231.0,0.0,2.98,20.0,0.62,1.49,15.4,0.0,0.0,0.0,0.0,0.0,0.0,0.0,50
"daging ayam , segar",Tidak Diketahui,0.90 g,298.0,18.2,0.0,25.0,0.0,109.0,0.0,13.86,30.33,0.0,37.31,7.27,0.0,0.0,0.0,0.0,0.0,0.0,0.0,13
"babi, daging, gemuk, segar",Tidak Diketahui,1.10 g,453.0,11.9,0.0,45.0,0.0,112.0,0.0,21.07,19.83,0.0,67.16,7.47,0.0,0.0,0.0,0.0,0.0,0.0,0.0,50
"daun pangi, segar",Tidak Diketahui,1.50 g,104.0,3.9,17.9,0.6,0.0,4.0,8.3,4.84,6.5,5.51,0.9,0.27,0.0,0.0,0.0,0.0,0.0,0.0,0.0,72
snow skin lotus paste mooncake,Tidak Diketahui,1.16 g,187.0,2.12,26.36,8.04,0.0,0.0,1.16,8.7,3.53,8.11,12.0,0.0,0.0,0.0,0.0,9.0,9.0,12.0,0.0,69
adem sari herbal lemon,PT. Hokkan Indonesia,0 g,60.0,0.0,16.0,0.0,14.0,65.0,0.0,2.79,0.0,4.92,0.0,4.33,0.0,5.0,0.0,5.0,3.0,0.0,0.0,64
"pucuk lumai / daun leunca, segar",Tidak Diketahui,1.30 g,33.0,4.5,2.8,0.4,0.0,2.0,0.0,1.53,7.5,0.86,0.6,0.13,0.0,0.0,0.0,0.0,0.0,0.0,0.0,73
"ayam goreng church texas, sayap",Tidak Diketahui,1.30 g,295.0,34.0,1.5,16.0,0.0,771.0,0.0,13.72,56.67,0.46,23.88,51.4,0.0,0.0,0.0,0.0,0.0,0.0,0.0,60
wortel rebus,Tidak Diketahui,0.40 g,28.0,0.7,6.3,0.5,0.0,41.0,0.8,1.3,1.17,1.94,0.75,2.73,0.0,0.0,0.0,0.0,0.0,0.0,0.0,24
"babi, hati, segar",Tidak Diketahui,1.50 g,129.0,19.7,1.7,4.8,0.0,110.0,0.0,6.0,32.83,0.52,7.16,7.33,0.0,0.0,0.0,0.0,0.0,0.0,0.0,80
gekikara ramen 109 gram,PT. nissin food indonesia,6 g,160.0,9.0,74.0,18.0,4.0,1200.0,6.0,23.26,15.0,22.77,26.87,80.0,45.0,80.0,0.0,0.0,0.0,27.0,0.0,42
kopi indocafe coffemix 3 in 1,PT. Sari Incofood,1 g,90.0,1.0,17.0,2.0,13.0,0.0,0.0,4.19,1.67,5.23,2.99,0.0,0.0,0.0,0.0,6.0,5.0,3.0,0.0,60
sprite 390 ml,PT. Coca-cola bottling indonesia,0 g,0.0,0.0,25.0,0.0,25.0,40.0,0.0,4.65,0.0,7.69,0.0,2.67,0.0,3.0,0.0,8.0,5.0,0.0,0.0,52
nutri boost orange,Tidak Diketahui,2 g,170.0,2.0,37.0,1.5,0.0,180.0,0.0,7.91,3.33,11.38,2.24,12.0,0.0,12.0,0.0,12.0,8.0,0.0,0.0,78
"ketan putih, tapai",Tidak Diketahui,0.10 g,172.0,3.0,37.5,0.5,0.0,1.0,0.6,8.0,5.0,11.54,0.75,0.07,0.0,0.0,0.0,0.0,0.0,0.0,0.0,12
rempeyek kacang tanah,Tidak Diketahui,1.80 g,513.0,17.5,44.3,32.5,0.0,0.0,1.7,23.86,29.17,13.63,48.51,0.0,0.0,0.0,0.0,0.0,0.0,0.0,0.0,27
kacang merah / banda,Tidak Diketahui,3.20 g,350.0,13.9,66.9,3.0,0.0,19.0,26.3,16.28,23.17,20.58,4.48,1.27,0.0,0.0,0.0,0.0,0.0,0.0,0.0,64
"kacang gude, biji segar",Tidak Diketahui,2.30 g,114.0,7.0,20.8,0.6,0.0,4.0,4.4,5.3,11.67,6.4,0.9,0.27,0.0,0.0,0.0,0.0,0.0,0.0,0.0,36
mr. bread roti tawar choco chips,PT. Mr. Bread Company,2 g,227.0,7.0,38.5,5.0,8.0,286.0,2.0,10.56,11.67,11.85,7.46,19.07,0.0,20.0,12.0,12.0,0.0,0.0,0.0,43
royco kaldu sapi,PT. Unilever Indonesia,0 g,0.0,0.0,0.0,0.0,0.0,0.0,0.0,0.0,0.0,0.0,0.0,0.0,0.0,0.0,0.0,0.0,0.0,0.0,0.0,49
frisian flag kental manis kemasan ekonomis 560 gram,PT. Frisian Flag Indonesia,1 g,140.0,1.0,23.0,40.0,19.0,25.0,0.0,6.51,1.67,7.08,59.7,1.67,8.0,0.0,0.0,8.0,0.0,60.0,0.0,52
starbucks iced caffe latte (notfat milk),Tidak Diketahui,8 g,90.0,8.0,13.0,0.0,0.0,0.0,0.0,4.19,13.33,4.0,0.0,0.0,0.0,0.0,14.0,4.0,5.0,0.0,0.0,60
starbucks hot caffe latte (notfat milk),Tidak Diketahui,13 g,130.0,13.0,20.0,0.0,0.0,0.0,0.0,6.05,21.67,6.15,0.0,0.0,0.0,0.0,22.0,7.0,7.0,0.0,0.0,70
tempe kedelai murni goreng,Tidak Diketahui,1.80 g,350.0,24.5,10.4,26.6,0.0,22.0,4.2,16.28,40.83,3.2,39.7,1.47,0.0,0.0,0.0,0.0,0.0,0.0,0.0,53
chitato keripik kentang rasa original,PT. Indofood CBP Sukses Makmur Tbk.,1 g,100.0,1.0,12.0,5.0,0.0,60.0,0.0,4.65,1.67,3.69,7.46,4.0,0.0,4.0,0.0,0.0,5.0,8.0,0.0,35
whiskey,Tidak Diketahui,0 g,250.0,0.0,0.1,0.0,0.0,0.0,0.0,11.63,0.0,0.03,0.0,0.0,0.0,0.0,0.0,1.0,12.0,0.0,0.0,38
"beras ketan hitam tumbuk, mentah",Tidak Diketahui,1.50 g,360.0,8.0,74.5,2.3,0.0,11.0,1.0,16.74,13.33,22.92,3.43,0.73,0.0,0.0,0.0,0.0,0.0,0.0,0.0,10
khong guan malkist abon,PT. KHONG GUAN,2 g,80.0,2.0,13.0,3.0,3.0,0.0,0.0,3.72,3.33,4.0,4.48,0.0,0.0,0.0,0.0,4.0,4.0,5.0,0.0,76
oreo,PT.Kraft foods,1 g,140.0,1.0,21.0,6.0,11.0,0.0,1.0,6.51,1.67,6.46,8.96,0.0,0.0,0.0,0.0,7.0,7.0,9.0,0.0,20
kurma,Tidak Diketahui,20.53 g,282.0,2.45,75.03,0.39,0.0,2.0,7.99,13.12,4.08,23.09,0.58,0.13,0.0,0.0,0.0,0.0,0.0,0.0,0.0,33
nopia spesial,Tidak Diketahui,1.30 g,387.0,5.3,74.3,7.6,0.0,0.0,0.3,18.0,8.83,22.86,11.34,0.0,0.0,0.0,0.0,0.0,0.0,0.0,0.0,47
cheesecake factory oreo dream extreme cheesecake,Tidak Diketahui,7 g,1620.0,17.0,178.0,99.0,134.0,0.0,7.0,75.35,28.33,54.77,147.76,0.0,0.0,0.0,0.0,55.0,76.0,148.0,0.0,50
sedaap tasty bakmi ayam geprek matah,PT. Karunia Alam Segar,6 g,190.0,14.0,81.0,21.0,2.0,870.0,6.0,8.84,23.33,24.92,31.34,58.0,45.0,58.0,0.0,0.0,0.0,32.0,0.0,40
sate bandeng,Tidak Diketahui,3.10 g,283.0,12.1,20.9,16.8,0.0,543.0,2.0,13.16,20.17,6.43,25.07,36.2,0.0,0.0,0.0,0.0,0.0,0.0,0.0,48
"daun kemang, segar",Tidak Diketahui,1.70 g,43.0,5.5,7.5,0.3,0.0,10.0,8.4,2.0,9.17,2.31,0.45,0.67,0.0,0.0,0.0,0.0,0.0,0.0,0.0,64
saus sambal abc,PT. ABC Heinz Indonesia,0 g,28.0,0.0,6.0,0.0,5.0,0.0,0.0,1.3,0.0,1.85,0.0,0.0,0.0,0.0,0.0,2.0,2.0,0.0,0.0,39
coklat hershey's kisses milk chocolate,Tidak Diketahui,0.10 g,22.0,0.3,2.8,1.3,2.6,0.0,0.1,1.02,0.5,0.86,1.94,0.0,0.0,0.0,0.0,1.0,2.0,2.0,0.0,70
"ikan tempahas, segar",Tidak Diketahui,0.90 g,101.0,15.1,1.0,4.1,0.0,50.0,0.0,4.7,25.17,0.31,6.12,3.33,0.0,0.0,0.0,0.0,0.0,0.0,0.0,53
"sapi, daging, kornet",Tidak Diketahui,6 g,289.0,16.0,0.0,25.0,0.0,794.0,0.0,13.44,26.67,0.0,37.31,52.93,0.0,0.0,0.0,0.0,0.0,0.0,0.0,21
chitato fresh potato,PT. Indofood CBP Sukses Makmur Tbk.,1 g,110.0,1.0,12.0,6.0,0.0,0.0,0.0,5.12,1.67,3.69,8.96,0.0,0.0,0.0,0.0,4.0,6.0,9.0,0.0,25
oncom ampas kacang hijau,Tidak Diketahui,1.70 g,376.0,14.9,65.7,6.0,0.0,0.0,12.3,17.49,24.83,20.22,8.96,0.0,0.0,0.0,0.0,0.0,0.0,0.0,0.0,22
good day mocacino,PT. Santos jaya abadi,1 g,90.0,1.0,16.0,2.0,13.0,10.0,1.0,4.19,1.67,4.92,2.99,0.67,10.0,0.0,0.0,5.0,5.0,0.0,0.0,77
lamtoro var. lokal dengan kulit,Tidak Diketahui,1.80 g,336.0,23.8,59.7,1.2,0.0,134.0,15.4,15.63,39.67,18.37,1.79,8.93,0.0,0.0,0.0,0.0,0.0,0.0,0.0,13
teh botol sosro original,PT.Sinar Sosro,0 g,140.0,0.0,34.0,0.0,32.0,0.0,0.0,6.51,0.0,10.46,0.0,0.0,0.0,0.0,0.0,11.0,7.0,0.0,0.0,36
"daun leilem, segar",Tidak Diketahui,1.80 g,76.0,2.8,15.8,0.2,0.0,6.0,3.1,3.53,4.67,4.86,0.3,0.4,0.0,0.0,0.0,0.0,0.0,0.0,0.0,29
mcdonald mc double,PT.Rekso Nasional Food,2 g,380.0,23.0,34.0,18.0,7.0,0.0,2.0,17.67,38.33,10.46,26.87,0.0,0.0,0.0,39.0,0.0,18.0,27.0,0.0,41
keripik tempe abadi telur,Tidak Diketahui,2.90 g,529.0,20.8,40.2,31.7,0.0,0.0,3.0,24.6,34.67,12.37,47.31,0.0,0.0,0.0,0.0,0.0,0.0,0.0,0.0,37
"angsa,daging,segar",Tidak Diketahui,1 g,349.0,16.4,0.0,31.5,0.0,71.0,0.0,16.23,27.33,0.0,47.01,4.73,0.0,0.0,0.0,0.0,0.0,0.0,0.0,56
keripik tempe abadi sedang,Tidak Diketahui,3.10 g,510.0,12.3,52.4,27.9,0.0,0.0,3.6,23.72,20.5,16.12,41.64,0.0,0.0,0.0,0.0,0.0,0.0,0.0,0.0,75
goodday funtastic mocacinno,Tidak Diketahui,8 g,140.0,3.0,26.0,2.5,18.0,75.0,8.0,6.51,5.0,8.0,3.73,5.0,0.0,0.0,0.0,8.0,7.0,0.0,27.0,67
lovamil minuman khusus ibu hamil dan menyusui rasa kacang hijau,Tidak Diketahui,8 g,160.0,8.0,25.0,3.0,0.0,135.0,0.0,7.44,13.33,7.69,4.48,9.0,0.0,9.0,14.0,8.0,0.0,0.0,0.0,10
wortel kukus,Tidak Diketahui,0.60 g,37.0,1.0,8.3,0.6,0.0,43.0,1.1,1.72,1.67,2.55,0.9,2.87,0.0,0.0,0.0,0.0,0.0,0.0,0.0,64
mie bendo,Tidak Diketahui,0.20 g,353.0,0.3,88.0,0.0,0.0,9.0,2.4,16.42,0.5,27.08,0.0,0.6,0.0,0.0,0.0,0.0,0.0,0.0,0.0,62
cheesecake factory oreo milkshake,Tidak Diketahui,3 g,1680.0,27.0,183.0,94.0,131.0,0.0,3.0,78.14,45.0,56.31,140.3,0.0,0.0,0.0,0.0,57.0,79.0,141.0,0.0,36
roma marie gold,PT. Mayora Indah Tbk.,2 g,90.0,2.0,15.0,3.0,4.0,0.0,0.0,4.19,3.33,4.62,4.48,0.0,0.0,0.0,0.0,5.0,5.0,5.0,0.0,18
supermi extra mie goreng rasa ayam pangsit,PT. INDOFOOD CBP SUKSES MAKMUR,10 g,510.0,10.0,70.0,21.0,0.0,1130.0,0.0,23.72,16.67,21.54,31.34,75.33,0.0,76.0,0.0,0.0,24.0,32.0,0.0,37
"buah mentega (bisbul), segar",Tidak Diketahui,0.40 g,39.0,0.7,9.7,0.2,0.0,1.0,2.0,1.81,1.17,2.98,0.3,0.07,0.0,0.0,0.0,0.0,0.0,0.0,0.0,46
"karedok,sayur",Tidak Diketahui,1.40 g,92.0,2.2,14.1,3.3,0.0,0.0,1.4,4.28,3.67,4.34,4.93,0.0,0.0,0.0,0.0,0.0,0.0,0.0,0.0,79
mie sedap instan goreng kriuk,PT. Prakarsa Alam Segar,8 g,160.0,9.0,57.0,18.0,6.0,1170.0,8.0,19.53,15.0,17.54,26.87,78.0,40.0,78.0,0.0,0.0,0.0,0.0,0.0,31
ice cone,Tidak Diketahui,0 g,190.0,5.0,32.0,4.5,24.0,0.0,0.0,8.84,8.33,9.85,6.72,0.0,0.0,0.0,9.0,10.0,9.0,0.0,0.0,30
"ikan balong, segar",Tidak Diketahui,1.50 g,107.0,16.5,1.5,3.9,0.0,86.0,0.0,4.98,27.5,0.46,5.82,5.73,0.0,0.0,0.0,0.0,0.0,0.0,0.0,59
topoki mujigae,Tidak Diketahui,11 g,410.0,11.0,78.0,7.0,0.0,1390.0,0.0,19.07,18.33,24.0,10.45,92.67,0.0,93.0,0.0,24.0,20.0,0.0,0.0,47
abc exo milk coffe,PT. ABC president indonesia,2 g,160.0,8.0,24.0,24.0,22.0,0.0,2.0,7.44,13.33,7.38,35.82,0.0,0.0,0.0,14.0,0.0,8.0,36.0,0.0,18
"kalio jeroan, masakan",Tidak Diketahui,1.50 g,163.0,16.5,4.1,9.0,0.0,570.0,0.0,7.58,27.5,1.26,13.43,38.0,0.0,0.0,0.0,0.0,0.0,0.0,0.0,63
starbucks butter croissant,Tidak Diketahui,1 g,260.0,5.0,27.0,15.0,5.0,0.0,1.0,12.09,8.33,8.31,22.39,0.0,0.0,0.0,9.0,0.0,13.0,23.0,0.0,25
"daun mengkudu, segar",Tidak Diketahui,2 g,65.0,4.0,11.4,1.7,0.0,0.0,3.9,3.02,6.67,3.51,2.54,0.0,0.0,0.0,0.0,0.0,0.0,0.0,0.0,34
sagu sinole,Tidak Diketahui,0.10 g,354.0,0.8,68.9,8.3,0.0,30.0,0.0,16.47,1.33,21.2,12.39,2.0,0.0,0.0,0.0,0.0,0.0,0.0,0.0,21
nasi rames,Tidak Diketahui,0.60 g,155.0,10.3,19.1,4.2,0.0,265.0,0.0,7.21,17.17,5.88,6.27,17.67,0.0,0.0,0.0,0.0,0.0,0.0,0.0,75
maestro mayonaise,Tidak Diketahui,0 g,90.0,0.0,2.0,9.0,0.0,210.0,0.0,4.19,0.0,0.62,13.43,14.0,0.0,14.0,0.0,0.0,5.0,14.0,0.0,61
susu ultra milk low fat,"PT. Ultrajaya Milk Industry, Tbk",7 g,90.0,7.0,11.0,2.5,0.0,105.0,0.0,4.19,11.67,3.38,3.73,7.0,8.0,7.0,12.0,0.0,0.0,0.0,0.0,60
"ikan baronang, segar",Tidak Diketahui,1.20 g,78.0,14.5,3.7,0.6,0.0,26.0,0.0,3.63,24.17,1.14,0.9,1.73,0.0,0.0,0.0,0.0,0.0,0.0,0.0,58
royco bumbu ayam saus telur asin,Tidak Diketahui,1 g,30.0,1.0,2.0,1.5,0.0,50.0,0.0,1.4,1.67,0.62,2.24,3.33,0.0,4.0,2.0,0.0,0.0,3.0,0.0,68
keju parmesan,Tidak Diketahui,28.42 g,420.0,28.42,13.91,27.84,0.0,0.0,0.0,19.53,47.37,4.28,41.55,0.0,0.0,0.0,48.0,0.0,20.0,42.0,0.0,32
beras cerdas,Tidak Diketahui,2.60 g,350.0,2.7,82.3,1.1,0.0,358.0,6.2,16.28,4.5,25.32,1.64,23.87,0.0,0.0,0.0,0.0,0.0,0.0,0.0,11
indomie goreng rasa rendang,PT. Indofood CBP Sukses Makmur Tbk.,3 g,150.0,9.0,59.0,16.0,9.0,1060.0,3.0,19.53,15.0,18.15,23.88,70.67,40.0,71.0,0.0,0.0,0.0,24.0,0.0,39
biokul plain yogurt,PT. Sukanda djaya,5 g,90.0,5.0,15.0,0.5,7.0,0.0,0.0,4.19,8.33,4.62,0.75,0.0,0.0,0.0,9.0,5.0,5.0,0.0,0.0,72
mr. bread roti tawar kupas,PT. Mr. Bread Company,1.50 g,119.0,4.5,21.5,2.0,1.0,209.0,1.5,5.53,7.5,6.62,2.99,13.93,0.0,14.0,8.0,7.0,0.0,0.0,0.0,65
"jukku pallu kaloa, masakan",Tidak Diketahui,2.30 g,15.0,15.2,8.8,4.3,0.0,605.0,0.0,0.7,25.33,2.71,6.42,40.33,0.0,0.0,0.0,0.0,0.0,0.0,0.0,71
mcdonald mcnugget,Tidak Diketahui,1 g,270.0,15.0,16.0,16.0,0.0,0.0,1.0,12.56,25.0,4.92,23.88,0.0,0.0,0.0,25.0,0.0,13.0,24.0,0.0,64
"ayam, dideh/darah, segar",Tidak Diketahui,1.60 g,75.0,13.8,0.7,1.9,0.0,337.0,0.0,3.49,23.0,0.22,2.84,22.47,0.0,0.0,0.0,0.0,0.0,0.0,0.0,44
teh kotak rasa lemon,"PT. ULTRA JAYA MILK INDUSTRY&TRADING CO.,TBK",0 g,100.0,0.0,23.0,0.0,20.0,25.0,0.0,4.65,0.0,7.08,0.0,1.67,0.0,2.0,0.0,8.0,5.0,0.0,0.0,13
"jambu air, segar",Tidak Diketahui,0.80 g,46.0,0.6,11.8,0.2,0.0,11.0,2.1,2.14,1.0,3.63,0.3,0.73,0.0,0.0,0.0,0.0,0.0,0.0,0.0,13
sun bubur bayi,PT. Indofood CBP Sukses Makmur Tbk.,4 g,160.0,4.0,31.0,2.5,0.0,100.0,0.0,7.44,6.67,9.54,3.73,6.67,0.0,7.0,0.0,10.0,8.0,0.0,0.0,64
"eceng, segar",Tidak Diketahui,2 g,19.0,1.0,3.8,0.2,0.0,45.0,1.8,0.88,1.67,1.17,0.3,3.0,0.0,0.0,0.0,0.0,0.0,0.0,0.0,42
"jagung muda,rebus",Tidak Diketahui,0.80 g,142.0,5.0,30.3,0.7,0.0,5.0,0.8,6.6,8.33,9.32,1.04,0.33,0.0,0.0,0.0,0.0,0.0,0.0,0.0,22
getuk pisang,Tidak Diketahui,0.70 g,144.0,1.1,34.1,0.4,0.0,0.0,0.4,6.7,1.83,10.49,0.6,0.0,0.0,0.0,0.0,0.0,0.0,0.0,0.0,17
lupis ketan,Tidak Diketahui,0.60 g,164.0,1.8,34.5,2.1,0.0,0.0,0.7,7.63,3.0,10.62,3.13,0.0,0.0,0.0,0.0,0.0,0.0,0.0,0.0,39
"jambu monyet, segar",Tidak Diketahui,0.30 g,64.0,0.7,15.8,0.6,0.0,12.0,1.2,2.98,1.17,4.86,0.9,0.8,0.0,0.0,0.0,0.0,0.0,0.0,0.0,62
kacang goyang,Tidak Diketahui,1.50 g,516.0,14.7,44.4,31.1,0.0,2.0,0.0,24.0,24.5,13.66,46.42,0.13,0.0,0.0,0.0,0.0,0.0,0.0,0.0,63
mie sedaap cup mi kuah soto,PT.Wings food,7 g,370.0,8.0,48.0,16.0,2.0,1070.0,7.0,17.21,13.33,14.77,23.88,71.33,0.0,72.0,0.0,0.0,18.0,24.0,0.0,77
nutricake brownies coklat,Tidak Diketahui,2 g,160.0,2.0,33.0,2.5,0.0,90.0,0.0,7.44,3.33,10.15,3.73,6.0,0.0,6.0,0.0,11.0,8.0,0.0,0.0,57
starbucks caffe americano,Tidak Diketahui,1 g,15.0,1.0,3.0,0.0,0.0,0.0,0.0,0.7,1.67,0.92,0.0,0.0,0.0,0.0,2.0,1.0,1.0,0.0,0.0,51
vanhouten cocoa powder,PT. Perusahaan Industri Ceres,6 g,120.0,6.0,15.0,4.0,0.0,0.0,0.0,5.58,10.0,4.62,5.97,0.0,0.0,0.0,10.0,0.0,6.0,6.0,0.0,44
"bawang bombay, segar",Tidak Diketahui,0.60 g,43.0,1.4,10.3,0.2,0.0,12.0,2.0,2.0,2.33,3.17,0.3,0.8,0.0,0.0,0.0,0.0,0.0,0.0,0.0,14
tepung arrowroot,Tidak Diketahui,0.30 g,355.0,0.7,85.2,0.2,0.0,2.0,0.4,16.51,1.17,26.22,0.3,0.13,0.0,0.0,0.0,0.0,0.0,0.0,0.0,10
honey stars,PT. Nestle Indonesia,1 g,110.0,1.0,25.0,0.5,8.0,0.0,1.0,5.12,1.67,7.69,0.75,0.0,0.0,0.0,0.0,8.0,6.0,0.0,4.0,33
"kelawi, kluwih, segar",Tidak Diketahui,1 g,118.0,1.5,27.2,0.3,0.0,2.0,5.0,5.49,2.5,8.37,0.45,0.13,0.0,0.0,0.0,0.0,0.0,0.0,0.0,73
bagea kw 1,Tidak Diketahui,0.60 g,416.0,6.5,76.3,9.4,0.0,0.0,0.4,19.35,10.83,23.48,14.03,0.0,0.0,0.0,0.0,0.0,0.0,0.0,0.0,11
tepung mocaf,Tidak Diketahui,1.30 g,350.0,1.2,85.0,0.6,0.0,8.0,6.0,16.28,2.0,26.15,0.9,0.53,0.0,0.0,0.0,0.0,0.0,0.0,0.0,56
indomie mi rendang,PT. Indofood CBP Sukses Makmur Tbk.,3 g,420.0,9.0,59.0,16.0,9.0,0.0,3.0,19.53,15.0,18.15,23.88,0.0,0.0,0.0,0.0,19.0,20.0,24.0,0.0,31
"mangga harumanis, segar",Tidak Diketahui,0.80 g,46.0,0.4,11.9,0.2,0.0,2.0,1.7,2.14,0.67,3.66,0.3,0.13,0.0,0.0,0.0,0.0,0.0,0.0,0.0,40
"kaholeo, masakan",Tidak Diketahui,10.50 g,413.0,28.7,29.8,19.8,0.0,0.0,0.0,19.21,47.83,9.17,29.55,0.0,0.0,0.0,0.0,0.0,0.0,0.0,0.0,68
origo coffe es kopi susu,Tidak Diketahui,6.23 g,191.0,6.23,25.88,7.22,20.51,0.0,0.0,8.88,10.38,7.96,10.78,0.0,0.0,0.0,11.0,0.0,9.0,11.0,0.0,41
"daun pare, segar",Tidak Diketahui,1.60 g,49.0,2.7,8.4,1.0,0.0,7.0,3.0,2.28,4.5,2.58,1.49,0.47,0.0,0.0,0.0,0.0,0.0,0.0,0.0,39
mie sedaap instan white curry,PT. Prakarsa Alam Segar,2 g,360.0,8.0,50.0,14.0,3.0,840.0,2.0,16.74,13.33,15.38,20.9,56.0,0.0,56.0,0.0,0.0,17.0,21.0,0.0,74
bantal,Tidak Diketahui,0.60 g,190.0,3.3,43.5,0.3,0.0,164.0,3.4,8.84,5.5,13.38,0.45,10.93,0.0,0.0,0.0,0.0,0.0,0.0,0.0,32
sarimi gelas rasa soto ayam,PT. Indofood CBP Sukses Makmur Tbk,2 g,60.0,3.0,16.0,7.0,2.0,940.0,2.0,6.51,5.0,4.92,10.45,62.67,0.0,63.0,0.0,0.0,0.0,11.0,7.0,23
mytea teh oolong 450 ml,PT. Suntory Garuda Beverage,0 g,0.0,0.0,18.0,0.0,0.0,20.0,0.0,3.26,0.0,5.54,0.0,1.33,0.0,2.0,0.0,6.0,4.0,0.0,0.0,39
kuaci rebo green tea,PT. Gumindo Bogamanis,2 g,110.0,6.0,2.0,9.0,1.0,180.0,2.0,5.12,10.0,0.62,13.43,12.0,0.0,12.0,10.0,0.0,0.0,14.0,0.0,12
nestle corn flakes,PT. Nestle Indonesia,2 g,110.0,2.0,24.0,0.5,0.0,0.0,0.0,5.12,3.33,7.38,0.75,0.0,0.0,0.0,4.0,8.0,6.0,0.0,0.0,57
mi abc cup soto ayam,PT.Wings food,4 g,280.0,7.0,34.0,13.0,2.0,0.0,4.0,13.02,11.67,10.46,19.4,0.0,0.0,0.0,0.0,0.0,14.0,20.0,14.0,58
kembang tahu,Tidak Diketahui,3.20 g,380.0,48.9,23.3,13.8,0.0,55.0,0.0,17.67,81.5,7.17,20.6,3.67,0.0,0.0,0.0,0.0,0.0,0.0,0.0,29
"ikan bandeng, segar",Tidak Diketahui,1.20 g,123.0,20.0,0.0,4.8,0.0,67.0,0.0,5.72,33.33,0.0,7.16,4.47,0.0,0.0,0.0,0.0,0.0,0.0,0.0,58
kacang sukro,Tidak Diketahui,2.70 g,484.0,8.8,57.7,26.1,0.0,0.0,1.8,22.51,14.67,17.75,38.96,0.0,0.0,0.0,0.0,0.0,0.0,0.0,0.0,75
susu dancow rasa coklat,PT.Nestle Indonesia,5 g,160.0,5.0,23.0,6.0,0.0,100.0,0.0,7.44,8.33,7.08,8.96,6.67,0.0,0.0,9.0,0.0,8.0,9.0,0.0,53
"arrowroot, segar",Tidak Diketahui,1.20 g,102.0,1.0,24.1,0.2,0.0,36.0,1.7,4.74,1.67,7.42,0.3,2.4,0.0,0.0,0.0,0.0,0.0,0.0,0.0,22
starbucks cappuccino (wholemilk),Tidak Diketahui,7 g,140.0,7.0,12.0,7.0,0.0,0.0,0.0,6.51,11.67,3.69,10.45,0.0,0.0,0.0,12.0,0.0,7.0,11.0,0.0,74
kopi seduh,Tidak Diketahui,0.74 g,5.0,0.74,0.42,0.0,0.0,0.0,0.0,0.23,1.23,0.13,0.0,0.0,0.0,0.0,2.0,1.0,1.0,0.0,0.0,58
cornetto silverqueen,Tidak Diketahui,2 g,110.0,3.0,28.0,12.0,18.0,50.0,2.0,10.7,5.0,8.62,17.91,3.33,40.0,0.0,0.0,0.0,11.0,18.0,0.0,51
mie lemonilo kari ayam,PT. Lemonilo Indonesia Sehat,2 g,270.0,8.0,48.0,5.0,1.0,1036.0,2.0,12.56,13.33,14.77,7.46,69.07,0.0,70.0,14.0,15.0,0.0,0.0,0.0,14
bamboe bumbu rawon,Tidak Diketahui,1 g,15.0,1.0,2.0,1.5,1.0,1020.0,1.0,1.16,1.67,0.62,2.24,68.0,3.0,68.0,0.0,0.0,0.0,0.0,4.0,27
kacang mete/biji jambu monyet goreng,Tidak Diketahui,2.50 g,629.0,20.4,19.8,56.3,0.0,13.0,1.1,29.26,34.0,6.09,84.03,0.87,0.0,0.0,0.0,0.0,0.0,0.0,0.0,44
"daun ndusuk, segar",Tidak Diketahui,3 g,166.0,1.7,38.8,0.5,0.0,40.0,10.7,7.72,2.83,11.94,0.75,2.67,0.0,0.0,0.0,0.0,0.0,0.0,0.0,77
kotiu hinela tawang nggole,Tidak Diketahui,1.90 g,46.0,2.2,6.0,1.5,0.0,316.0,3.8,2.14,3.67,1.85,2.24,21.07,0.0,0.0,0.0,0.0,0.0,0.0,0.0,47
fruit tea yuzu,PT.Sinar Sosro,0 g,220.0,0.0,54.0,0.0,50.0,0.0,0.0,10.23,0.0,16.62,0.0,0.0,0.0,0.0,0.0,17.0,11.0,0.0,0.0,34
yuzu tea,Tidak Diketahui,0 g,140.0,0.0,34.0,0.0,0.0,20.0,0.0,6.51,0.0,10.46,0.0,1.33,0.0,2.0,0.0,11.0,7.0,0.0,0.0,55
keju snow brand cheddar,PT. Megmilk Snow Brand Indonesia,5 g,100.0,5.0,2.0,8.0,0.0,360.0,0.0,4.65,8.33,0.62,11.94,24.0,0.0,24.0,9.0,0.0,0.0,12.0,0.0,42
sonice chicken nugget,PT. So Good Food Manufacturing,16 g,250.0,16.0,14.0,14.0,0.0,0.0,0.0,11.63,26.67,4.31,20.9,0.0,0.0,0.0,27.0,0.0,12.0,21.0,0.0,55
kfc extra crispy paha bawah,PT. Fast food indonesia,10 g,170.0,10.0,5.0,12.0,0.0,0.0,0.0,7.91,16.67,1.54,17.91,0.0,0.0,0.0,17.0,0.0,8.0,18.0,0.0,58
"tony roma's onion loaf (full, with bbq sauce)",Tidak Diketahui,23 g,1200.0,23.0,205.0,23.0,12.0,0.0,0.0,55.81,38.33,63.08,34.33,0.0,0.0,0.0,39.0,64.0,56.0,0.0,0.0,71
superior bihun jagung urai,PT. Tiga Pilar Sejahtera,6 g,250.0,0.0,61.0,0.0,0.0,30.0,6.0,11.63,0.0,18.77,0.0,2.0,0.0,0.0,0.0,19.0,12.0,0.0,20.0,77
roti warna sawo matang,Tidak Diketahui,0.90 g,249.0,7.9,49.7,1.5,0.0,500.0,0.0,11.58,13.17,15.29,2.24,33.33,0.0,0.0,0.0,0.0,0.0,0.0,0.0,69
"tauco cap das, cake",Tidak Diketahui,7.60 g,358.0,7.5,70.4,4.3,0.0,0.0,3.1,16.65,12.5,21.66,6.42,0.0,0.0,0.0,0.0,0.0,0.0,0.0,0.0,79
paria putih kukus,Tidak Diketahui,0.60 g,16.0,0.8,3.4,0.2,0.0,4.0,1.2,0.74,1.33,1.05,0.3,0.27,0.0,0.0,0.0,0.0,0.0,0.0,0.0,75
"daun jambu mente muda, segar",Tidak Diketahui,0.70 g,78.0,4.6,16.2,0.5,0.0,14.0,3.0,3.63,7.67,4.98,0.75,0.93,0.0,0.0,0.0,0.0,0.0,0.0,0.0,22
burger double whopper,Tidak Diketahui,2 g,900.0,48.0,49.0,58.0,11.0,0.0,2.0,41.86,80.0,15.08,86.57,0.0,0.0,0.0,80.0,0.0,42.0,87.0,0.0,77
"kacang hijau var. bakti, kering",Tidak Diketahui,3.10 g,350.0,17.1,70.7,1.8,0.0,46.0,5.7,16.28,28.5,21.75,2.69,3.07,0.0,0.0,0.0,0.0,0.0,0.0,0.0,31
keripik tempe abadi murni,Tidak Diketahui,2.70 g,542.0,40.3,11.6,42.4,0.0,0.0,2.2,25.21,67.17,3.57,63.28,0.0,0.0,0.0,0.0,0.0,0.0,0.0,0.0,58
"tauco cap beruang, cake",Tidak Diketahui,8.40 g,347.0,7.4,67.6,5.2,0.0,0.0,3.2,16.14,12.33,20.8,7.76,0.0,0.0,0.0,0.0,0.0,0.0,0.0,0.0,52
kerupuk kemplang panggang,Tidak Diketahui,3 g,356.0,9.7,76.9,1.1,0.0,0.0,1.0,16.56,16.17,23.66,1.64,0.0,0.0,0.0,0.0,0.0,0.0,0.0,0.0,23
woku ubi,Tidak Diketahui,1.10 g,143.0,3.1,15.0,7.8,0.0,353.0,7.0,6.65,5.17,4.62,11.64,23.53,0.0,0.0,0.0,0.0,0.0,0.0,0.0,65
fox's fruits,PT. Jaya Utama Santika,0 g,15.0,0.0,4.0,0.0,3.0,0.0,0.0,0.7,0.0,1.23,0.0,0.0,0.0,0.0,0.0,2.0,1.0,0.0,0.0,74
"ayam goreng poineer, dada",Tidak Diketahui,2.70 g,295.0,37.4,0.6,14.7,0.0,0.0,0.0,13.72,62.33,0.18,21.94,0.0,0.0,0.0,0.0,0.0,0.0,0.0,0.0,67
keju greenfields ricotta,PT. Greenfield Indonesia,0 g,110.0,4.0,2.0,9.0,1.0,0.0,0.0,5.12,6.67,0.62,13.43,0.0,0.0,0.0,7.0,0.0,6.0,14.0,0.0,58
indomie goreng jumbo,PT. Indofood CBP Sukses Makmur Tbk.,31 g,560.0,21.0,80.0,13.0,13.0,0.0,31.0,26.05,35.0,24.62,19.4,0.0,0.0,0.0,35.0,0.0,27.0,0.0,104.0,51
"beras giling var pelita,mentah",Tidak Diketahui,0.60 g,369.0,9.5,77.1,1.4,0.0,34.0,0.4,17.16,15.83,23.72,2.09,2.27,0.0,0.0,0.0,0.0,0.0,0.0,0.0,79
cimory yogurt squeeze peach,Tidak Diketahui,2 g,70.0,2.0,11.0,2.0,0.0,60.0,0.0,3.26,3.33,3.38,2.99,4.0,0.0,4.0,4.0,4.0,0.0,0.0,0.0,74
melinjo emping tebal goreng manis,Tidak Diketahui,2.30 g,439.0,10.0,65.7,16.4,0.0,0.0,0.0,20.42,16.67,20.22,24.48,0.0,0.0,0.0,0.0,0.0,0.0,0.0,0.0,42
yogurt frozen pinkberry (besar),Tidak Diketahui,0 g,390.0,15.0,81.0,1.0,77.0,0.0,0.0,18.14,25.0,24.92,1.49,0.0,0.0,0.0,25.0,25.0,19.0,0.0,0.0,27
sagu lempeng,Tidak Diketahui,0.10 g,347.0,0.9,85.2,0.3,0.0,11.0,4.7,16.14,1.5,26.22,0.45,0.73,0.0,0.0,0.0,0.0,0.0,0.0,0.0,68
bamboe soto daging,PT. Bamboe Indonesia,1 g,5.0,1.0,2.0,0.5,1.0,730.0,1.0,0.93,1.67,0.62,0.75,48.67,0.0,49.0,2.0,0.0,0.0,0.0,4.0,70
"jagung, tepung putih",Tidak Diketahui,1.20 g,355.0,9.2,73.7,3.9,0.0,11.0,7.2,16.51,15.33,22.68,5.82,0.73,0.0,0.0,0.0,0.0,0.0,0.0,0.0,26
saladstop hail caesar w/o chicken,Tidak Diketahui,3.90 g,471.9,22.8,19.0,34.3,3.5,0.0,3.9,21.95,38.0,5.85,51.19,0.0,0.0,0.0,38.0,0.0,22.0,52.0,0.0,31
masako kaldu ayam,PT. AJINOMOTO INDONESIA,0 g,0.0,0.0,0.0,0.0,0.0,610.0,0.0,0.0,0.0,0.0,0.0,40.67,0.0,41.0,0.0,0.0,0.0,0.0,0.0,37
enting-enting gepuk hello kity,Tidak Diketahui,1 g,538.0,13.6,52.6,30.3,0.0,0.0,0.2,25.02,22.67,16.18,45.22,0.0,0.0,0.0,0.0,0.0,0.0,0.0,0.0,48
cimory fresh milk cashew,Tidak Diketahui,10 g,260.0,10.0,33.0,9.0,0.0,140.0,0.0,12.09,16.67,10.15,13.43,9.33,0.0,0.0,17.0,0.0,13.0,14.0,0.0,58
outback steackhouse victoria's filet,Tidak Diketahui,53 g,320.0,53.0,0.0,12.0,0.0,0.0,0.0,14.88,88.33,0.0,17.91,0.0,0.0,0.0,89.0,0.0,15.0,18.0,0.0,19
kereput,Tidak Diketahui,1 g,580.0,4.8,51.1,39.6,0.0,0.0,0.0,26.98,8.0,15.72,59.1,0.0,0.0,0.0,0.0,0.0,0.0,0.0,0.0,39
kopi indocafe cappuccino,PT. Sari Incofood,2 g,110.0,2.0,19.0,3.0,14.0,0.0,0.0,5.12,3.33,5.85,4.48,0.0,0.0,0.0,0.0,6.0,6.0,5.0,0.0,35
rambutan binjai,Tidak Diketahui,0.30 g,76.0,0.5,18.0,0.2,0.0,22.0,3.8,3.53,0.83,5.54,0.3,1.47,0.0,0.0,0.0,0.0,0.0,0.0,0.0,77
nestle sereal corn flakes,Tidak Diketahui,2 g,110.0,2.0,24.0,0.5,0.0,180.0,0.0,5.12,3.33,7.38,0.75,12.0,0.0,12.0,0.0,8.0,6.0,0.0,0.0,69
yangko,Tidak Diketahui,0.40 g,254.0,3.0,58.1,1.1,0.0,0.0,0.8,11.81,5.0,17.88,1.64,0.0,0.0,0.0,0.0,0.0,0.0,0.0,0.0,25
gurandil,Tidak Diketahui,1 g,218.0,0.5,48.5,2.5,0.0,0.0,3.1,10.14,0.83,14.92,3.73,0.0,0.0,0.0,0.0,0.0,0.0,0.0,0.0,27
kapusa,Tidak Diketahui,1 g,158.0,4.4,27.8,3.2,0.0,104.0,5.3,7.35,7.33,8.55,4.78,6.93,0.0,0.0,0.0,0.0,0.0,0.0,0.0,16
tumis bayam bersantan,Tidak Diketahui,0.60 g,48.0,1.4,2.6,4.2,0.0,0.0,0.5,2.23,2.33,0.8,6.27,0.0,0.0,0.0,0.0,0.0,0.0,0.0,0.0,75
dodol banjarmasin,Tidak Diketahui,1.50 g,368.0,2.6,70.0,8.6,0.0,48.0,0.5,17.12,4.33,21.54,12.84,3.2,0.0,0.0,0.0,0.0,0.0,0.0,0.0,56
mixed nut and ham mooncake,Tidak Diketahui,2.08 g,245.0,5.4,21.38,15.3,0.0,0.0,2.08,11.4,9.0,6.58,22.84,0.0,0.0,0.0,9.0,0.0,12.0,23.0,0.0,69
good time double choc,PT. Arrnott's Indonesia,2 g,30.0,1.0,11.0,3.5,4.0,80.0,2.0,3.72,1.67,3.38,5.22,5.33,13.0,6.0,0.0,0.0,0.0,0.0,7.0,64
"soto banjar, masakan",Tidak Diketahui,0.70 g,110.0,2.9,3.2,9.5,0.0,36.0,0.0,5.12,4.83,0.98,14.18,2.4,0.0,0.0,0.0,0.0,0.0,0.0,0.0,72
nestle carnation (kental manis),PT. Nestle Indonesia,1 g,100.0,1.0,17.0,3.0,16.0,0.0,0.0,4.65,1.67,5.23,4.48,0.0,0.0,0.0,0.0,6.0,5.0,5.0,0.0,52
bagea kelapa asin,Tidak Diketahui,1.30 g,450.0,3.2,78.1,13.9,0.0,74.0,0.0,20.93,5.33,24.03,20.75,4.93,0.0,0.0,0.0,0.0,0.0,0.0,0.0,28
"suweg, talas, segar",Tidak Diketahui,1.20 g,74.0,1.4,17.2,0.1,0.0,7.0,1.4,3.44,2.33,5.29,0.15,0.47,0.0,0.0,0.0,0.0,0.0,0.0,0.0,22
yogurt greek heavenly blush honey,PT. Heavenly nutrition indonesia,2 g,180.0,5.0,18.0,10.0,9.0,40.0,2.0,8.37,8.33,5.54,14.93,2.67,0.0,0.0,9.0,0.0,9.0,15.0,0.0,30
mie gaga,"PT. Jakarana tama, bogor",9 g,330.0,9.0,45.0,13.0,0.0,240.0,0.0,15.35,15.0,13.85,19.4,16.0,0.0,16.0,0.0,0.0,16.0,20.0,0.0,49
susu ultra rasa strawberry,Tidak Diketahui,6 g,140.0,6.0,22.0,3.5,0.0,50.0,0.0,6.51,10.0,6.77,5.22,3.33,0.0,0.0,10.0,7.0,7.0,0.0,0.0,10
coklat bubuk,Tidak Diketahui,15.40 g,311.0,8.0,48.9,4.0,0.0,0.0,32.6,14.47,13.33,15.05,5.97,0.0,0.0,0.0,0.0,0.0,0.0,0.0,0.0,48
mcdonald double cheeseburger,PT.Rekso Nasional Food,2 g,430.0,25.0,35.0,21.0,7.0,0.0,2.0,20.0,41.67,10.77,31.34,0.0,0.0,0.0,42.0,0.0,20.0,32.0,0.0,34
wrp on the go (cokelat),PT.Nutrifood indonesia,6 g,150.0,7.0,24.0,3.0,16.0,0.0,6.0,6.98,11.67,7.38,4.48,0.0,0.0,0.0,12.0,8.0,0.0,0.0,20.0,26
ikan gete goreng,Tidak Diketahui,12.60 g,267.0,23.1,0.2,19.4,0.0,590.0,0.0,12.42,38.5,0.06,28.96,39.33,0.0,0.0,0.0,0.0,0.0,0.0,0.0,20
"ikan baung, segar",Tidak Diketahui,1.20 g,123.0,15.1,3.3,5.5,0.0,32.0,0.0,5.72,25.17,1.02,8.21,2.13,0.0,0.0,0.0,0.0,0.0,0.0,0.0,31
lemon pepper (classic wings),Tidak Diketahui,1 g,180.0,15.0,1.0,13.0,0.0,0.0,1.0,8.37,25.0,0.31,19.4,0.0,0.0,0.0,25.0,0.0,9.0,20.0,0.0,41
kue jahe,Tidak Diketahui,1.30 g,425.0,1.6,84.6,8.8,0.0,0.0,1.2,19.77,2.67,26.03,13.13,0.0,0.0,0.0,0.0,0.0,0.0,0.0,0.0,51
susu ultra milk full cream (kotak),"PT. Ultrajaya Milk Industry, Tbk",8 g,150.0,8.0,12.0,8.0,0.0,0.0,0.0,6.98,13.33,3.69,11.94,0.0,0.0,0.0,14.0,0.0,7.0,12.0,0.0,51
kacang mete/biji jambu monyet,Tidak Diketahui,2 g,616.0,16.3,28.7,48.4,0.0,26.0,0.9,28.65,27.17,8.83,72.24,1.73,0.0,0.0,0.0,0.0,0.0,0.0,0.0,57
qtela tempe original,PT. Indofood Fritolay Makmur,4 g,70.0,4.0,8.0,7.0,0.0,125.0,0.0,5.12,6.67,2.46,10.45,8.33,15.0,9.0,0.0,0.0,0.0,11.0,0.0,53
"sapi, liver, segar",Tidak Diketahui,1.40 g,132.0,19.7,6.0,3.2,0.0,110.0,0.0,6.14,32.83,1.85,4.78,7.33,0.0,0.0,0.0,0.0,0.0,0.0,0.0,79
biji kopi,Tidak Diketahui,12.40 g,399.0,12.4,62.7,15.4,0.0,0.0,0.0,18.56,20.67,19.29,22.99,0.0,0.0,0.0,0.0,0.0,0.0,0.0,0.0,53
super bubur dengan kuah kari,Tidak Diketahui,3 g,35.0,3.0,36.0,3.5,1.0,720.0,0.0,8.84,5.0,11.08,5.22,48.0,0.0,48.0,0.0,12.0,9.0,0.0,0.0,16
tepung hunkwe (pati kacang ijo),Tidak Diketahui,1 g,364.0,4.5,83.5,1.0,0.0,15.0,16.1,16.93,7.5,25.69,1.49,1.0,0.0,0.0,0.0,0.0,0.0,0.0,0.0,74
bakso,Tidak Diketahui,12.41 g,202.0,12.41,7.58,13.16,0.0,478.0,0.0,9.4,20.68,2.33,19.64,31.87,0.0,32.0,21.0,0.0,0.0,20.0,0.0,21
"ketan hitam, matang",Tidak Diketahui,0.60 g,181.0,4.0,37.3,1.2,0.0,9.0,0.3,8.42,6.67,11.48,1.79,0.6,0.0,0.0,0.0,0.0,0.0,0.0,0.0,33
sirup tropicana sirup slim sirup orange,PT. Nutrifood Indonesia,0 g,5.0,0.0,0.0,0.0,0.0,0.0,0.0,0.23,0.0,0.0,0.0,0.0,0.0,0.0,0.0,0.0,1.0,0.0,0.0,17
bagea kw 2,Tidak Diketahui,1.10 g,382.0,0.3,87.2,3.5,0.0,0.0,0.9,17.77,0.5,26.83,5.22,0.0,0.0,0.0,0.0,0.0,0.0,0.0,0.0,70
permen mintz duomint,PT. Ultra Prima Abadi,0 g,0.0,0.0,2.0,0.0,2.0,0.0,0.0,0.47,0.0,0.62,0.0,0.0,0.0,0.0,0.0,1.0,1.0,0.0,0.0,71
"beras, tepung, mentah",Tidak Diketahui,0.50 g,353.0,7.0,80.0,0.5,0.0,5.0,2.4,16.42,11.67,24.62,0.75,0.33,0.0,0.0,0.0,0.0,0.0,0.0,0.0,23
morin mixed fruit jam,PT. Astaguna Wisesa,0 g,0.0,0.0,11.0,0.0,9.0,0.0,0.0,2.09,0.0,3.38,0.0,0.0,0.0,0.0,0.0,4.0,3.0,0.0,0.0,17
.heavenly blush,PT.Heavenly Blush,4 g,90.0,2.0,15.0,2.5,5.0,0.0,4.0,4.19,3.33,4.62,3.73,0.0,0.0,0.0,0.0,5.0,5.0,0.0,14.0,51
eskrim paddle pop choco magma,PT. Andrawina Darma Manunggal Mulya,1 g,70.0,1.0,12.0,2.5,8.0,0.0,1.0,3.26,1.67,3.69,3.73,0.0,0.0,0.0,0.0,4.0,0.0,4.0,4.0,80
susu ibu - asi,Tidak Diketahui,0.20 g,62.0,1.5,7.0,3.2,0.0,15.0,0.0,2.88,2.5,2.15,4.78,1.0,0.0,0.0,0.0,0.0,0.0,0.0,0.0,78
pop mie rasa kari ayam,PT. Indofood CBP Sukses Makmur Tbk.,44 g,350.0,7.0,45.0,16.0,4.0,0.0,44.0,16.28,11.67,13.85,23.88,0.0,0.0,0.0,0.0,0.0,17.0,24.0,147.0,64
starbucks hot caffe latte (whole milk),Tidak Diketahui,12 g,230.0,12.0,19.0,12.0,0.0,0.0,0.0,10.7,20.0,5.85,17.91,0.0,0.0,0.0,20.0,0.0,11.0,18.0,0.0,23
lays 14g,PT. Indofood Fritolay Makmur,1 g,70.0,1.0,10.0,7.0,0.0,70.0,0.0,5.12,1.67,3.08,10.45,4.67,18.0,0.0,0.0,0.0,6.0,11.0,0.0,78
starbucks java chip frappuccino (wholemilk),Tidak Diketahui,7 g,350.0,7.0,68.0,5.0,0.0,0.0,0.0,16.28,11.67,20.92,7.46,0.0,0.0,0.0,12.0,21.0,17.0,0.0,0.0,67
bungkil kacang tanah,Tidak Diketahui,33.10 g,336.0,37.4,30.5,13.0,0.0,0.0,0.0,15.63,62.33,9.38,19.4,0.0,0.0,0.0,0.0,0.0,0.0,0.0,0.0,25
"daun kol sawi, segar",Tidak Diketahui,0.70 g,22.0,2.1,3.6,0.5,0.0,19.0,0.9,1.02,3.5,1.11,0.75,1.27,0.0,0.0,0.0,0.0,0.0,0.0,0.0,32
biskuit choco mania,PT. Konimex,1 g,100.0,1.0,14.0,4.5,7.0,0.0,0.0,4.65,1.67,4.31,6.72,0.0,0.0,0.0,0.0,5.0,5.0,7.0,0.0,80
"bou ninahu ndamate, masakan",Tidak Diketahui,2.10 g,79.0,6.3,1.1,1.0,0.0,67.0,0.0,3.67,10.5,0.34,1.49,4.47,0.0,0.0,0.0,0.0,0.0,0.0,0.0,15
putri selat,Tidak Diketahui,0.90 g,163.0,2.2,13.8,6.5,0.0,6.0,0.0,7.58,3.67,4.25,9.7,0.4,0.0,0.0,0.0,0.0,0.0,0.0,0.0,23
yogurt greek yummy blueberry,PT. Heavenly nutrition indonesia,8 g,140.0,8.0,19.0,3.5,10.0,65.0,0.0,6.51,13.33,5.85,5.22,4.33,0.0,0.0,14.0,6.0,7.0,0.0,0.0,67
"ikan beunteur, segar",Tidak Diketahui,9 g,109.0,17.0,0.0,4.0,0.0,109.0,0.0,5.07,28.33,0.0,5.97,7.27,0.0,0.0,0.0,0.0,0.0,0.0,0.0,38
teh hitam daun kering,Tidak Diketahui,5.90 g,293.0,24.5,58.8,2.8,0.0,50.0,8.7,13.63,40.83,18.09,4.18,3.33,0.0,0.0,0.0,0.0,0.0,0.0,0.0,12
abc kopi susu,Tidak Diketahui,1 g,130.0,1.0,27.0,2.5,0.0,15.0,0.0,6.05,1.67,8.31,3.73,1.0,0.0,0.0,0.0,9.0,7.0,4.0,0.0,15
es krim aice coklat sundae,PT. Aice,2 g,100.0,2.0,14.0,4.0,8.0,15.0,0.0,4.65,3.33,4.31,5.97,1.0,0.0,0.0,0.0,5.0,5.0,6.0,0.0,10
"bayam merah, segar",Tidak Diketahui,2.20 g,41.0,2.2,6.3,0.8,0.0,20.0,2.2,1.91,3.67,1.94,1.19,1.33,0.0,0.0,0.0,0.0,0.0,0.0,0.0,26
"kacang ercis, segar",Tidak Diketahui,1 g,129.0,12.4,18.3,0.7,0.0,4.0,28.6,6.0,20.67,5.63,1.04,0.27,0.0,0.0,0.0,0.0,0.0,0.0,0.0,18
"asinan bogor,sayuran",Tidak Diketahui,0.70 g,98.0,3.9,14.8,2.6,0.0,483.0,0.5,4.56,6.5,4.55,3.88,32.2,0.0,0.0,0.0,0.0,0.0,0.0,0.0,37
susu wrp loses weight coklat,PT. Nutrifood Indonesia,2 g,220.0,14.0,27.0,6.0,20.0,0.0,2.0,10.23,23.33,8.31,8.96,0.0,0.0,0.0,24.0,0.0,11.0,9.0,0.0,24
"kalio kikil (tunjang), masakan",Tidak Diketahui,1.30 g,122.0,13.8,3.9,5.7,0.0,519.0,0.0,5.67,23.0,1.2,8.51,34.6,0.0,0.0,0.0,0.0,0.0,0.0,0.0,30
abc kecap asin,Tidak Diketahui,1 g,5.0,1.0,1.0,0.0,0.0,830.0,0.0,0.23,1.67,0.31,0.0,55.33,0.0,56.0,2.0,1.0,0.0,0.0,0.0,25
"buah naga putih, segar",Tidak Diketahui,0.60 g,56.0,0.8,10.9,1.0,0.0,7.0,3.2,2.6,1.33,3.35,1.49,0.47,0.0,0.0,0.0,0.0,0.0,0.0,0.0,12
"jagung pipil var, metro,kering",Tidak Diketahui,1.30 g,368.0,5.5,78.0,4.6,0.0,1.0,2.9,17.12,9.17,24.0,6.87,0.07,0.0,0.0,0.0,0.0,0.0,0.0,0.0,64
kacang bogor segar,Tidak Diketahui,1 g,165.0,7.7,27.4,3.1,0.0,6.0,2.5,7.67,12.83,8.43,4.63,0.4,0.0,0.0,0.0,0.0,0.0,0.0,0.0,15
"itik alabio, daging, dendeng, mentah",Tidak Diketahui,5.10 g,496.0,30.3,18.4,33.5,0.0,1081.0,0.0,23.07,50.5,5.66,50.0,72.07,0.0,0.0,0.0,0.0,0.0,0.0,0.0,70
chatime pearl milk tea,Tidak Diketahui,1 g,374.0,1.0,67.0,11.0,39.5,0.0,0.0,17.4,1.67,20.62,16.42,0.0,0.0,0.0,0.0,21.0,18.0,17.0,0.0,43
aqua,PT.Danone Indonesia,0 g,0.0,0.0,0.0,0.0,0.0,0.0,0.0,0.0,0.0,0.0,0.0,0.0,0.0,0.0,0.0,0.0,0.0,0.0,0.0,19
bingka,Tidak Diketahui,0.60 g,273.0,5.3,39.1,10.6,0.0,0.0,0.0,12.7,8.83,12.03,15.82,0.0,0.0,0.0,0.0,0.0,0.0,0.0,0.0,47
enting-enting wijen,Tidak Diketahui,3 g,565.0,18.2,36.8,38.4,0.0,0.0,1.9,26.28,30.33,11.32,57.31,0.0,0.0,0.0,0.0,0.0,0.0,0.0,0.0,41
"kool merah, kool putih",Tidak Diketahui,0.90 g,29.0,1.4,5.3,0.2,0.0,28.0,1.9,1.35,2.33,1.63,0.3,1.87,0.0,0.0,0.0,0.0,0.0,0.0,0.0,70
oyek,Tidak Diketahui,0.70 g,351.0,0.9,84.9,0.9,0.0,5.0,4.3,16.33,1.5,26.12,1.34,0.33,0.0,0.0,0.0,0.0,0.0,0.0,0.0,70
rujak aceh,Tidak Diketahui,0.90 g,82.0,0.4,19.7,0.3,0.0,0.0,2.4,3.81,0.67,6.06,0.45,0.0,0.0,0.0,0.0,0.0,0.0,0.0,0.0,59
keripik kemplang goreng,Tidak Diketahui,3.40 g,504.0,5.6,57.1,28.1,0.0,0.0,0.3,23.44,9.33,17.57,41.94,0.0,0.0,0.0,0.0,0.0,0.0,0.0,0.0,18
bungkil kelapa,Tidak Diketahui,38 g,368.0,23.0,40.0,15.0,0.0,0.0,0.0,17.12,38.33,12.31,22.39,0.0,0.0,0.0,0.0,0.0,0.0,0.0,0.0,78
bamboe soto ayam,PT. Bamboe Indonesia,1 g,10.0,1.0,2.0,1.0,1.0,850.0,1.0,0.93,1.67,0.62,1.49,56.67,0.0,57.0,2.0,0.0,0.0,0.0,4.0,29
"belitung, talas, segar",Tidak Diketahui,1.10 g,145.0,1.2,34.2,0.4,0.0,6.0,1.5,6.74,2.0,10.52,0.6,0.4,0.0,0.0,0.0,0.0,0.0,0.0,0.0,38
geplak jahe,Tidak Diketahui,2.50 g,462.0,3.1,57.7,14.4,0.0,0.0,3.3,21.49,5.17,17.75,21.49,0.0,0.0,0.0,0.0,0.0,0.0,0.0,0.0,24
"kacang mekah, polong, segar",Tidak Diketahui,0.90 g,22.0,1.1,3.4,1.0,0.0,2.0,1.1,1.02,1.83,1.05,1.49,0.13,0.0,0.0,0.0,0.0,0.0,0.0,0.0,40
dodol kedongdong,Tidak Diketahui,0.40 g,331.0,1.9,63.8,7.6,0.0,0.0,1.0,15.4,3.17,19.63,11.34,0.0,0.0,0.0,0.0,0.0,0.0,0.0,0.0,72
"kepala susu - krim, segar",Tidak Diketahui,0.90 g,204.0,2.6,4.0,20.0,0.0,0.0,0.0,9.49,4.33,1.23,29.85,0.0,0.0,0.0,0.0,0.0,0.0,0.0,0.0,41
ubi cilembu,Tidak Diketahui,0.90 g,186.0,1.9,44.3,0.2,0.0,1.0,3.4,8.65,3.17,13.63,0.3,0.07,0.0,0.0,0.0,0.0,0.0,0.0,0.0,64
bungkil biji karet,Tidak Diketahui,29.40 g,333.0,29.3,50.0,3.3,0.0,0.0,0.0,15.49,48.83,15.38,4.93,0.0,0.0,0.0,0.0,0.0,0.0,0.0,0.0,34
monde boromon wafers rasa vanila,PT. Monde Mahkota Biskuit,2 g,60.0,1.0,16.0,7.0,7.0,60.0,2.0,6.05,1.67,4.92,10.45,4.0,18.0,0.0,0.0,0.0,0.0,11.0,7.0,26
good day cappuccino with cocoa granule,PT. Santos jaya abadi,1 g,110.0,1.0,21.0,2.5,17.0,10.0,1.0,5.12,1.67,6.46,3.73,0.67,13.0,0.0,0.0,7.0,6.0,0.0,0.0,21
starbucks hot caramel macchiato (wholemilk),Tidak Diketahui,10 g,280.0,10.0,35.0,11.0,0.0,0.0,0.0,13.02,16.67,10.77,16.42,0.0,0.0,0.0,17.0,0.0,14.0,17.0,0.0,70
"soto padang, masakan",Tidak Diketahui,2 g,127.0,5.9,11.0,6.6,0.0,0.0,0.7,5.91,9.83,3.38,9.85,0.0,0.0,0.0,0.0,0.0,0.0,0.0,0.0,45
"soto kudus, masakan",Tidak Diketahui,1.70 g,38.0,3.6,1.8,2.3,0.0,0.0,0.2,1.77,6.0,0.55,3.43,0.0,0.0,0.0,0.0,0.0,0.0,0.0,0.0,37
tahubaxo rebus,Tidak Diketahui,11 g,109.0,11.0,16.0,0.0,0.0,504.0,0.0,5.07,18.33,4.92,0.0,33.6,0.0,34.0,19.0,0.0,6.0,0.0,0.0,17
meises coklat,Tidak Diketahui,2 g,120.0,0.0,20.0,4.0,16.0,0.0,2.0,5.58,0.0,6.15,5.97,0.0,0.0,0.0,0.0,7.0,0.0,6.0,7.0,64
"jeruk kalamansi, segar",Tidak Diketahui,0.40 g,39.0,0.3,8.9,0.3,0.0,3.0,2.3,1.81,0.5,2.74,0.45,0.2,0.0,0.0,0.0,0.0,0.0,0.0,0.0,23
batar daan,Tidak Diketahui,0.70 g,107.0,2.2,19.6,2.2,0.0,200.0,0.0,4.98,3.67,6.03,3.28,13.33,0.0,0.0,0.0,0.0,0.0,0.0,0.0,42
nasi goreng,Tidak Diketahui,0.40 g,500.0,7.0,40.2,34.4,0.0,18.0,0.4,23.26,11.67,12.37,51.34,1.2,0.0,0.0,0.0,0.0,24.0,52.0,0.0,70
baruasa,Tidak Diketahui,0.70 g,417.0,6.5,79.3,8.2,0.0,0.0,0.0,19.4,10.83,24.4,12.24,0.0,0.0,0.0,0.0,0.0,0.0,0.0,0.0,54
omelet mie telur,Tidak Diketahui,14.30 g,500.7,14.3,54.5,24.3,0.0,1132.0,0.0,23.29,23.83,16.77,36.27,75.47,0.0,76.0,24.0,0.0,0.0,37.0,0.0,49
"daun jawaw seluang, segar",Tidak Diketahui,1.20 g,93.0,5.0,15.3,1.3,0.0,2.0,3.9,4.33,8.33,4.71,1.94,0.13,0.0,0.0,0.0,0.0,0.0,0.0,0.0,29
saladstop sunshine jakarta,Tidak Diketahui,15.10 g,556.6,45.2,50.7,26.6,18.1,988.8,15.1,25.89,75.33,15.6,39.7,65.92,0.0,66.0,76.0,0.0,0.0,0.0,51.0,32
sarimi isi tongseng ayam,PT. SARIMI ASLI JAYA,6 g,560.0,11.0,76.0,23.0,5.0,0.0,6.0,26.05,18.33,23.38,34.33,0.0,0.0,0.0,0.0,24.0,27.0,35.0,0.0,61
"ikan mujahir / mujair, segar",Tidak Diketahui,1.10 g,89.0,18.7,0.0,1.0,0.0,51.0,0.0,4.14,31.17,0.0,1.49,3.4,0.0,0.0,0.0,0.0,0.0,0.0,0.0,78
"talas pontianak, segar",Tidak Diketahui,0.90 g,163.0,2.3,36.4,0.5,0.0,14.0,0.7,7.58,3.83,11.2,0.75,0.93,0.0,0.0,0.0,0.0,0.0,0.0,0.0,12
susu rasa taro,"PT. Ultrajaya Milk Industry, Tbk",5 g,130.0,5.0,18.0,4.0,14.0,60.0,0.0,6.05,8.33,5.54,5.97,4.0,0.0,0.0,0.0,0.0,0.0,0.0,0.0,10
masako daging sapi,Tidak Diketahui,0 g,0.0,0.0,0.0,0.0,0.0,590.0,0.0,0.0,0.0,0.0,0.0,39.33,0.0,40.0,0.0,0.0,0.0,0.0,0.0,32
koya mirasa,Tidak Diketahui,1.60 g,370.0,8.0,82.2,1.0,0.0,0.0,0.4,17.21,13.33,25.29,1.49,0.0,0.0,0.0,0.0,0.0,0.0,0.0,0.0,67
sasa tepung bakso goreng,Tidak Diketahui,1 g,90.0,1.0,21.0,0.0,0.0,910.0,0.0,4.19,1.67,6.46,0.0,60.67,0.0,61.0,0.0,7.0,5.0,0.0,0.0,27
mizone,PT.Danone Indonesia,0 g,45.0,0.0,11.0,0.0,11.0,0.0,0.0,2.09,0.0,3.38,0.0,0.0,0.0,0.0,0.0,4.0,3.0,0.0,0.0,38
fillet o-fish,Tidak Diketahui,1.50 g,270.0,12.3,19.3,15.9,0.0,439.0,0.2,12.56,20.5,5.94,23.73,29.27,0.0,0.0,0.0,0.0,0.0,0.0,0.0,76
"beras giling var rojolele, mentah",Tidak Diketahui,0.80 g,357.0,8.4,77.1,1.7,0.0,34.0,0.2,16.6,14.0,23.72,2.54,2.27,0.0,0.0,0.0,0.0,0.0,0.0,0.0,46
"beras menir, mentah",Tidak Diketahui,0.20 g,362.0,7.7,73.0,4.4,0.0,90.0,0.2,16.84,12.83,22.46,6.57,6.0,0.0,0.0,0.0,0.0,0.0,0.0,0.0,68
monde snack gold,PT. nissin biscuit indonesia,2 g,20.0,2.0,16.0,2.5,3.0,35.0,0.0,4.19,3.33,4.92,3.73,2.33,0.0,0.0,0.0,5.0,5.0,4.0,0.0,37
mony oats dark choco flavour,Tidak Diketahui,0 g,50.0,0.0,7.0,20.0,4.0,15.0,0.0,2.33,0.0,2.15,29.85,1.0,10.0,0.0,0.0,0.0,3.0,30.0,0.0,40
"kacang babi, kering",Tidak Diketahui,3.50 g,341.0,30.4,51.3,3.2,0.0,13.0,4.5,15.86,50.67,15.78,4.78,0.87,0.0,0.0,0.0,0.0,0.0,0.0,0.0,26
subway black forest ham sandwich,Tidak Diketahui,5 g,290.0,18.0,46.0,4.5,8.0,0.0,5.0,13.49,30.0,14.15,6.72,0.0,0.0,0.0,30.0,15.0,0.0,0.0,17.0,80
tempe lamtoro var. gung dengan kuit,Tidak Diketahui,1.30 g,146.0,11.7,19.6,2.3,0.0,0.0,7.6,6.79,19.5,6.03,3.43,0.0,0.0,0.0,0.0,0.0,0.0,0.0,0.0,71
"kalio ayam, masakan",Tidak Diketahui,1.40 g,203.0,16.0,4.4,13.5,0.0,534.0,0.0,9.44,26.67,1.35,20.15,35.6,0.0,0.0,0.0,0.0,0.0,0.0,0.0,57
silky pudding taro flavour,Tidak Diketahui,2 g,15.0,2.0,16.0,1.5,11.0,45.0,0.0,3.72,3.33,4.92,2.24,3.0,8.0,0.0,0.0,5.0,4.0,0.0,0.0,17
"talas bogor, segar",Tidak Diketahui,0.80 g,108.0,1.4,25.0,0.4,0.0,10.0,0.9,5.02,2.33,7.69,0.6,0.67,0.0,0.0,0.0,0.0,0.0,0.0,0.0,42
niu zuzu rasa coklat,PT. ABC Presiden Indonesia,2 g,120.0,2.0,22.0,3.0,18.0,110.0,0.0,5.58,3.33,6.77,4.48,7.33,0.0,8.0,0.0,7.0,6.0,0.0,0.0,26
"jeruk bali, segar",Tidak Diketahui,0.50 g,48.0,0.6,12.4,0.2,0.0,21.0,0.8,2.23,1.0,3.82,0.3,1.4,0.0,0.0,0.0,0.0,0.0,0.0,0.0,12
delfi chacha peanut,PT. Delfi,3 g,160.0,3.0,17.0,8.0,0.0,10.0,0.0,7.44,5.0,5.23,11.94,0.67,0.0,0.0,0.0,6.0,8.0,12.0,0.0,48
"kacang endel, biji",Tidak Diketahui,2 g,331.0,25.0,58.0,1.0,0.0,12.0,23.6,15.4,41.67,17.85,1.49,0.8,0.0,0.0,0.0,0.0,0.0,0.0,0.0,64
bihun goreng instan,Tidak Diketahui,0.70 g,381.0,6.1,80.3,3.9,0.0,928.0,0.0,17.72,10.17,24.71,5.82,61.87,0.0,0.0,0.0,0.0,0.0,0.0,0.0,29
mie ayam,Tidak Diketahui,0.80 g,102.0,6.2,10.5,3.9,0.0,279.0,0.0,4.74,10.33,3.23,5.82,18.6,0.0,0.0,0.0,0.0,0.0,0.0,0.0,17
"koro benguk, biji",Tidak Diketahui,3 g,332.0,24.0,55.0,3.0,0.0,42.0,5.6,15.44,40.0,16.92,4.48,2.8,0.0,0.0,0.0,0.0,0.0,0.0,0.0,15
nongshim shin cup,PT.Nongshim Co.Ltd,10.90 g,309.0,10.9,46.8,6.0,1.9,0.0,0.0,14.37,18.17,14.4,8.96,0.0,0.0,0.0,19.0,15.0,15.0,0.0,0.0,16
teh botol tawar,PT.Sinar Sosro,0 g,0.0,0.0,0.0,0.0,0.0,0.0,0.0,0.0,0.0,0.0,0.0,0.0,0.0,0.0,0.0,0.0,0.0,0.0,0.0,50
biji nangka / biji salak,Tidak Diketahui,0.70 g,262.0,2.3,51.1,5.4,0.0,10.0,8.0,12.19,3.83,15.72,8.06,0.67,0.0,0.0,0.0,0.0,0.0,0.0,0.0,32
emping (keripik melinjo),Tidak Diketahui,28 g,345.0,12.0,71.5,1.5,0.0,0.0,0.0,16.05,20.0,22.0,2.24,0.0,0.0,0.0,0.0,0.0,0.0,0.0,0.0,14
"soto bandung, masakan",Tidak Diketahui,1.80 g,42.0,3.9,2.8,1.7,0.0,0.0,0.4,1.95,6.5,0.86,2.54,0.0,0.0,0.0,0.0,0.0,0.0,0.0,0.0,54
origo coffe avocado coffe,Tidak Diketahui,4.04 g,160.0,4.04,22.46,6.02,14.12,0.0,0.0,7.44,6.73,6.91,8.99,0.0,0.0,0.0,0.0,7.0,8.0,9.0,0.0,75
subway sweet onion chicken teriyaki sandwich,Tidak Diketahui,5 g,370.0,25.0,58.0,4.5,16.0,0.0,5.0,17.21,41.67,17.85,6.72,0.0,0.0,0.0,42.0,18.0,18.0,0.0,0.0,50
komak polong,Tidak Diketahui,1.10 g,99.0,3.3,21.2,0.1,0.0,15.0,10.3,4.6,5.5,6.52,0.15,1.0,0.0,0.0,0.0,0.0,0.0,0.0,0.0,78
hazelnut,Tidak Diketahui,9.70 g,628.0,14.95,16.7,60.75,0.0,0.0,9.7,29.21,24.92,5.14,90.67,0.0,0.0,0.0,0.0,0.0,0.0,0.0,0.0,78
sariroti roti tawar kupas,PT. Nippon Indosari corporindo Tbk,1 g,110.0,3.0,19.0,2.0,1.0,170.0,1.0,5.12,5.0,5.85,2.99,11.33,0.0,12.0,0.0,6.0,6.0,0.0,0.0,11
"andewi, segar",Tidak Diketahui,1.10 g,226.0,1.6,5.3,0.2,0.0,29.0,4.1,10.51,2.67,1.63,0.3,1.93,0.0,0.0,0.0,0.0,0.0,0.0,0.0,28
mie bakso,Tidak Diketahui,0.80 g,114.0,5.3,16.4,3.0,0.0,760.0,0.1,5.3,8.83,5.05,4.48,50.67,0.0,0.0,0.0,0.0,0.0,0.0,0.0,74
kin bulgarian yogurt orange,PT. ABC kogyn dairy,3 g,150.0,3.0,28.0,2.5,27.0,0.0,0.0,6.98,5.0,8.62,3.73,0.0,0.0,0.0,5.0,9.0,7.0,0.0,0.0,11
tapai singkong,Tidak Diketahui,0.70 g,169.0,1.4,40.2,0.3,0.0,0.0,2.0,7.86,2.33,12.37,0.45,0.0,0.0,0.0,0.0,0.0,0.0,0.0,0.0,70
"buncis, segar",Tidak Diketahui,0.50 g,34.0,2.4,7.2,0.3,0.0,8.0,1.9,1.58,4.0,2.22,0.45,0.53,0.0,0.0,0.0,0.0,0.0,0.0,0.0,68
biskuit serena egg rolls chocolate,PT. Monde Mahkota Biskuit,1 g,80.0,1.0,8.0,4.5,4.0,0.0,1.0,3.72,1.67,2.46,6.72,0.0,0.0,0.0,0.0,0.0,4.0,7.0,4.0,52
ikan mujahir / mujair goreng,Tidak Diketahui,2.20 g,416.0,46.9,0.0,23.9,0.0,54.0,0.0,19.35,78.17,0.0,35.67,3.6,0.0,0.0,0.0,0.0,0.0,0.0,0.0,44
kue ku temu,Tidak Diketahui,0.50 g,214.0,3.5,49.6,0.2,0.0,0.0,0.0,9.95,5.83,15.26,0.3,0.0,0.0,0.0,0.0,0.0,0.0,0.0,0.0,25
coklat ferrero rocher,PT. Ferrero Rocher,1 g,238.0,3.0,18.0,16.0,15.0,0.0,1.0,11.07,5.0,5.54,23.88,0.0,0.0,0.0,0.0,6.0,12.0,24.0,0.0,33
outback steackhouse outback special,Tidak Diketahui,51 g,280.0,51.0,0.0,9.0,0.0,0.0,0.0,13.02,85.0,0.0,13.43,0.0,0.0,0.0,85.0,0.0,14.0,14.0,0.0,18
the coffe bean & tea leaf mocha ice blended drink,Tidak Diketahui,11 g,350.0,11.0,67.0,7.0,55.0,0.0,0.0,16.28,18.33,20.62,10.45,0.0,0.0,0.0,19.0,21.0,17.0,0.0,0.0,67
indomie goreng,PT. Indofood CBP Sukses Makmur Tbk.,2 g,380.0,8.0,54.0,14.0,8.0,0.0,2.0,17.67,13.33,16.62,20.9,0.0,0.0,0.0,0.0,17.0,18.0,21.0,0.0,62
nestle nestum,PT. Nestle Indonesia,1 g,130.0,3.0,27.0,1.5,9.0,0.0,1.0,6.05,5.0,8.31,2.24,0.0,0.0,0.0,5.0,9.0,7.0,0.0,0.0,74
"jagung nasi, mentah",Tidak Diketahui,0.30 g,357.0,8.8,79.5,0.5,0.0,2.0,6.2,16.6,14.67,24.46,0.75,0.13,0.0,0.0,0.0,0.0,0.0,0.0,0.0,75
indofood cap enak (kental manis),PT. Indofood indonesia,2 g,120.0,1.0,21.0,4.0,19.0,0.0,2.0,5.58,1.67,6.46,5.97,0.0,0.0,0.0,0.0,7.0,0.0,6.0,7.0,33
pastel,Tidak Diketahui,1.50 g,307.0,4.5,42.4,13.3,0.0,0.0,0.0,14.28,7.5,13.05,19.85,0.0,0.0,0.0,0.0,0.0,0.0,0.0,0.0,60
momogi bintang coklat,PT. Sari Murni Abadi,1 g,50.0,1.0,6.0,3.0,0.0,20.0,0.0,2.33,1.67,1.85,4.48,1.33,0.0,0.0,0.0,2.0,3.0,5.0,0.0,72
king's fisher sarden goreng balado,PT. Bali Maya Permai Food Canning Industry,8 g,120.0,8.0,4.0,8.0,0.0,0.0,0.0,5.58,13.33,1.23,11.94,0.0,0.0,0.0,14.0,0.0,6.0,12.0,0.0,44
kewpie caesar,Tidak Diketahui,1 g,70.0,1.0,3.0,6.0,0.0,190.0,0.0,3.26,1.67,0.92,8.96,12.67,0.0,13.0,0.0,0.0,4.0,9.0,0.0,19
getuk singkong,Tidak Diketahui,1.10 g,204.0,0.5,47.4,1.4,0.0,0.0,0.8,9.49,0.83,14.58,2.09,0.0,0.0,0.0,0.0,0.0,0.0,0.0,0.0,74
kenari banda,Tidak Diketahui,3.20 g,616.0,13.9,13.7,56.2,0.0,11.0,0.0,28.65,23.17,4.22,83.88,0.73,0.0,0.0,0.0,0.0,0.0,0.0,0.0,61
"anak sapi, daging, gemuk,segar",Tidak Diketahui,5.20 g,184.0,18.8,0.0,14.0,0.0,118.0,0.0,8.56,31.33,0.0,20.9,7.87,0.0,0.0,0.0,0.0,0.0,0.0,0.0,43
indomie ayam geprek,PT. Indofood CBP Sukses Makmur Tbk.,3 g,410.0,9.0,49.0,20.0,6.0,0.0,3.0,19.07,15.0,15.08,29.85,0.0,0.0,0.0,0.0,16.0,20.0,30.0,0.0,14
oncom kacang tanah pepes,Tidak Diketahui,4.80 g,132.0,11.7,13.7,3.8,0.0,0.0,3.1,6.14,19.5,4.22,5.67,0.0,0.0,0.0,0.0,0.0,0.0,0.0,0.0,43
"pt. ultrajaya milk industry, tbk","PT. Ultrajaya Milk Industry, Tbk",6 g,120.0,6.0,9.0,6.0,0.0,40.0,0.0,5.58,10.0,2.77,8.96,2.67,0.0,0.0,10.0,0.0,6.0,9.0,0.0,11
putri hijau,Tidak Diketahui,0.50 g,189.0,5.4,37.2,2.1,0.0,0.0,0.0,8.79,9.0,11.45,3.13,0.0,0.0,0.0,0.0,0.0,0.0,0.0,0.0,41
nestle milo 3in1 activ-go (malt),PT. Nestle Indonesia,1 g,140.0,4.0,25.0,3.0,0.0,80.0,1.0,6.51,6.67,7.69,4.48,5.33,10.0,0.0,7.0,8.0,0.0,0.0,0.0,27
tiwul instan,Tidak Diketahui,2.70 g,395.0,3.2,76.5,8.5,0.0,377.0,4.2,18.37,5.33,23.54,12.69,25.13,0.0,0.0,0.0,0.0,0.0,0.0,0.0,11
"hofa / ubi hutan, segar",Tidak Diketahui,0.90 g,127.0,1.2,29.5,0.5,0.0,3.0,3.4,5.91,2.0,9.08,0.75,0.2,0.0,0.0,0.0,0.0,0.0,0.0,0.0,26
lanting getuk,Tidak Diketahui,3.80 g,422.0,0.9,80.4,10.8,0.0,0.0,1.4,19.63,1.5,24.74,16.12,0.0,0.0,0.0,0.0,0.0,0.0,0.0,0.0,43
"telur ayam ras / telor ayam ras , segar",Tidak Diketahui,0.80 g,154.0,12.4,0.7,10.8,0.0,142.0,0.0,7.16,20.67,0.22,16.12,9.47,0.0,0.0,0.0,0.0,0.0,0.0,0.0,78
"daun kenikir, segar",Tidak Diketahui,1.70 g,45.0,3.7,6.6,0.5,0.0,6.0,5.8,2.09,6.17,2.03,0.75,0.4,0.0,0.0,0.0,0.0,0.0,0.0,0.0,57
oncom,Tidak Diketahui,1.40 g,187.0,13.0,22.6,6.0,0.0,0.0,0.0,8.7,21.67,6.95,8.96,0.0,0.0,0.0,0.0,0.0,0.0,0.0,0.0,20
"gadung , ubi, segar",Tidak Diketahui,0.90 g,100.0,0.9,23.5,0.3,0.0,8.0,2.1,4.65,1.5,7.23,0.45,0.53,0.0,0.0,0.0,0.0,0.0,0.0,0.0,52
nasi minyak,Tidak Diketahui,1.10 g,207.0,3.5,37.1,5.0,0.0,74.0,0.8,9.63,5.83,11.42,7.46,4.93,0.0,0.0,0.0,0.0,0.0,0.0,0.0,21
starbucks green tea frappuccino (whole milk),Tidak Diketahui,5 g,320.0,5.0,64.0,4.5,0.0,0.0,0.0,14.88,8.33,19.69,6.72,0.0,0.0,0.0,9.0,20.0,15.0,0.0,0.0,13
kue kelepon,Tidak Diketahui,1.20 g,215.0,3.7,41.8,3.7,0.0,0.0,1.0,10.0,6.17,12.86,5.52,0.0,0.0,0.0,0.0,0.0,0.0,0.0,0.0,62
abc selera pedas hot gulai chicken,PT. Heinz ABC Indonesia,21 g,270.0,7.0,34.0,12.0,1.0,0.0,21.0,12.56,11.67,10.46,17.91,0.0,0.0,0.0,0.0,0.0,13.0,18.0,70.0,77
royco sup krim jagung,Tidak Diketahui,1 g,70.0,1.0,11.0,2.0,4.0,380.0,0.0,3.26,1.67,3.38,2.99,25.33,0.0,26.0,0.0,4.0,4.0,0.0,0.0,43
bango kecap manis light,Tidak Diketahui,0 g,40.0,0.0,10.0,0.0,8.0,140.0,0.0,1.86,0.0,3.08,0.0,9.33,0.0,10.0,0.0,4.0,2.0,0.0,0.0,71
happy tos tortilla chips,PT. Sinar Kencana Agung,1 g,60.0,2.0,16.0,7.0,1.0,125.0,1.0,6.05,3.33,4.92,10.45,8.33,15.0,9.0,0.0,0.0,0.0,11.0,0.0,69
super bubur rasa ayam,PT. DELIFOOD SENTOSA CORPINDO,3 g,170.0,3.0,32.0,3.0,0.0,840.0,0.0,7.91,5.0,9.85,4.48,56.0,0.0,56.0,0.0,10.0,8.0,0.0,0.0,66
yoshinoya veggie beef bowl (large bowl),Tidak Diketahui,9 g,960.0,35.0,141.0,29.0,8.0,0.0,9.0,44.65,58.33,43.38,43.28,0.0,0.0,0.0,59.0,44.0,45.0,0.0,0.0,33
intip goreng,Tidak Diketahui,2 g,474.0,7.6,62.3,21.6,0.0,0.0,1.2,22.05,12.67,19.17,32.24,0.0,0.0,0.0,0.0,0.0,0.0,0.0,0.0,47
"daun pohpohan, segar",Tidak Diketahui,2.40 g,37.0,2.5,6.9,0.8,0.0,0.0,2.6,1.72,4.17,2.12,1.19,0.0,0.0,0.0,0.0,0.0,0.0,0.0,0.0,10
suki rasa ayam kecap,PT. Siantar Top Tbk,2 g,100.0,2.0,13.0,4.0,1.0,240.0,0.0,4.65,3.33,4.0,5.97,16.0,0.0,16.0,0.0,0.0,5.0,6.0,0.0,45
"soto betawi, masakan",Tidak Diketahui,1.30 g,135.0,2.5,11.5,8.8,0.0,0.0,0.5,6.28,4.17,3.54,13.13,0.0,0.0,0.0,0.0,0.0,0.0,0.0,0.0,46
"selada air,segar",Tidak Diketahui,1.20 g,17.0,3.1,2.2,0.2,0.0,65.0,0.7,0.79,5.17,0.68,0.3,4.33,0.0,0.0,0.0,0.0,0.0,0.0,0.0,73
mie sedaap baso spesial,PT. Indofood Sukses Makmur,6 g,340.0,9.0,47.0,13.0,2.0,0.0,6.0,15.81,15.0,14.46,19.4,0.0,0.0,0.0,0.0,0.0,16.0,20.0,20.0,44
naraya melon seed,PT. Interfood sukses jasindo,6 g,130.0,6.0,2.0,10.0,0.0,180.0,0.0,6.05,10.0,0.62,14.93,12.0,0.0,12.0,10.0,0.0,0.0,15.0,0.0,50
"pepare ular, segar",Tidak Diketahui,0.30 g,19.0,0.6,3.9,0.1,0.0,130.0,1.0,0.88,1.0,1.2,0.15,8.67,0.0,0.0,0.0,0.0,0.0,0.0,0.0,43
"kaburan, ubi, segar",Tidak Diketahui,0.50 g,133.0,1.0,32.2,0.2,0.0,10.0,0.7,6.19,1.67,9.91,0.3,0.67,0.0,0.0,0.0,0.0,0.0,0.0,0.0,77
you c1000 vitamin lemon,PT. Djojonegoro,0 g,700.0,0.0,16.0,0.0,16.0,0.0,0.0,32.56,0.0,4.92,0.0,0.0,0.0,0.0,0.0,5.0,33.0,0.0,0.0,18
kopi good day the original,PT. Santos jaya abadi,1 g,90.0,1.0,16.0,2.5,13.0,0.0,1.0,4.19,1.67,4.92,3.73,0.0,0.0,0.0,0.0,5.0,5.0,4.0,0.0,29
naraya coklat cookies,Tidak Diketahui,1 g,50.0,1.0,6.0,3.0,0.0,45.0,0.0,2.33,1.67,1.85,4.48,3.0,0.0,3.0,0.0,0.0,3.0,5.0,0.0,77
susu on gold standard whey,PT. Optimum Nutrition,0.50 g,120.0,20.0,3.0,1.8,1.6,0.0,0.5,5.58,33.33,0.92,2.69,0.0,0.0,0.0,34.0,0.0,6.0,3.0,0.0,36
sariroti roti tawar gandum,PT. Nippon Indosari corporindo Tbk,6 g,190.0,6.0,32.0,3.5,2.0,290.0,6.0,8.84,10.0,9.85,5.22,19.33,0.0,20.0,10.0,0.0,0.0,0.0,20.0,56
king's fisher sarden sambal bangkok,PT. Bali Maya Permai Food Canning Industry,8 g,70.0,8.0,6.0,2.0,0.0,0.0,0.0,3.26,13.33,1.85,2.99,0.0,0.0,0.0,14.0,0.0,4.0,3.0,0.0,66
ultra sari asem asli,"PT. Ultrajaya Milk Industry, Tbk",0 g,130.0,0.0,32.0,0.0,0.0,0.0,0.0,6.05,0.0,9.85,0.0,0.0,0.0,0.0,0.0,10.0,7.0,0.0,0.0,70
sagu aren segar,Tidak Diketahui,0.10 g,231.0,0.6,56.6,0.2,0.0,7.0,3.2,10.74,1.0,17.42,0.3,0.47,0.0,0.0,0.0,0.0,0.0,0.0,0.0,12
"kelapa tua, daging, segar",Tidak Diketahui,1 g,359.0,3.4,14.0,34.7,0.0,3.0,4.7,16.7,5.67,4.31,51.79,0.2,0.0,0.0,0.0,0.0,0.0,0.0,0.0,10
koyabu,Tidak Diketahui,0.90 g,241.0,3.4,47.2,4.3,0.0,0.0,0.0,11.21,5.67,14.52,6.42,0.0,0.0,0.0,0.0,0.0,0.0,0.0,0.0,33
buah kelor,Tidak Diketahui,1.30 g,38.0,1.5,7.5,0.2,0.0,48.0,3.2,1.77,2.5,2.31,0.3,3.2,0.0,0.0,0.0,0.0,0.0,0.0,0.0,12
mie sedaap cup mi kuah bakso,PT.Wings food,8 g,350.0,8.0,45.0,15.0,0.0,1070.0,0.0,16.28,13.33,13.85,22.39,71.33,0.0,72.0,0.0,0.0,17.0,23.0,0.0,77
martabak mesir,Tidak Diketahui,1.10 g,278.0,5.1,45.0,8.6,0.0,193.0,0.0,12.93,8.5,13.85,12.84,12.87,0.0,0.0,0.0,0.0,0.0,0.0,0.0,23
"encung asam, segar",Tidak Diketahui,1.50 g,122.0,3.5,17.5,4.5,0.0,0.0,9.3,5.67,5.83,5.38,6.72,0.0,0.0,0.0,0.0,0.0,0.0,0.0,0.0,21
croissant,Tidak Diketahui,1 g,180.0,3.0,21.0,9.0,0.0,0.0,1.0,8.37,5.0,6.46,13.43,0.0,0.0,0.0,0.0,7.0,9.0,14.0,0.0,45
hokben tori ball,Tidak Diketahui,7 g,250.0,7.0,15.0,14.0,0.0,0.0,0.0,11.63,11.67,4.62,20.9,0.0,0.0,0.0,12.0,0.0,12.0,21.0,0.0,76
"ikan sunu, segar",Tidak Diketahui,1.10 g,111.0,13.3,6.7,3.4,0.0,91.0,0.0,5.16,22.17,2.06,5.07,6.07,0.0,0.0,0.0,0.0,0.0,0.0,0.0,57
"sapi, dideh/darah",Tidak Diketahui,1.40 g,98.0,21.9,0.0,1.1,0.0,150.0,0.0,4.56,36.5,0.0,1.64,10.0,0.0,0.0,0.0,0.0,0.0,0.0,0.0,75
beras ganyong,Tidak Diketahui,0.50 g,364.0,3.4,86.3,0.7,0.0,4.0,4.7,16.93,5.67,26.55,1.04,0.27,0.0,0.0,0.0,0.0,0.0,0.0,0.0,12
mr.p cashewnuts,PT. Mitrasatrya Perkasautama,7 g,250.0,7.0,11.0,19.0,0.0,0.0,0.0,11.63,11.67,3.38,28.36,0.0,0.0,0.0,12.0,0.0,12.0,29.0,0.0,10
dodol bali,Tidak Diketahui,1.80 g,298.0,3.7,65.9,2.1,0.0,0.0,0.4,13.86,6.17,20.28,3.13,0.0,0.0,0.0,0.0,0.0,0.0,0.0,0.0,49
"susu kambing, segar",Tidak Diketahui,0.90 g,64.0,4.3,6.6,2.3,0.0,35.0,0.0,2.98,7.17,2.03,3.43,2.33,0.0,0.0,0.0,0.0,0.0,0.0,0.0,55
origo coffe strawberry kopi susu,Tidak Diketahui,2.43 g,108.0,2.43,12.55,4.34,10.25,0.0,0.0,5.02,4.05,3.86,6.48,0.0,0.0,0.0,5.0,0.0,6.0,7.0,0.0,55
permen kis mini assorted,PT. Mayora Indah Tbk.,0 g,30.0,0.0,7.0,0.0,5.0,0.0,0.0,1.4,0.0,2.15,0.0,0.0,0.0,0.0,0.0,3.0,2.0,0.0,0.0,72
"telur ayam ras bagian putih, segar",Tidak Diketahui,0.60 g,50.0,10.8,0.8,0.0,0.0,164.0,0.0,2.33,18.0,0.25,0.0,10.93,0.0,0.0,0.0,0.0,0.0,0.0,0.0,72
"pisang ayam, segar",Tidak Diketahui,0.70 g,120.0,1.1,26.8,0.2,0.0,6.0,4.1,5.58,1.83,8.25,0.3,0.4,0.0,0.0,0.0,0.0,0.0,0.0,0.0,41
"pempek adaan, masakan",Tidak Diketahui,1.70 g,162.0,4.9,27.8,3.0,0.0,488.0,0.0,7.53,8.17,8.55,4.48,32.53,0.0,0.0,0.0,0.0,0.0,0.0,0.0,80
keju kcang tanah (peanut butter),Tidak Diketahui,0.10 g,590.0,27.0,20.9,49.0,0.0,355.0,1.6,27.44,45.0,6.43,73.13,23.67,0.0,0.0,0.0,0.0,0.0,0.0,0.0,34
"ubi jalar manis, segar",Tidak Diketahui,1.10 g,83.0,1.5,18.8,0.2,0.0,52.0,0.6,3.86,2.5,5.78,0.3,3.47,0.0,0.0,0.0,0.0,0.0,0.0,0.0,26
donat krispy kreme mini original glazed,Tidak Diketahui,0.30 g,83.3,1.0,10.0,4.3,4.7,0.0,0.3,3.87,1.67,3.08,6.42,0.0,0.0,0.0,0.0,4.0,4.0,7.0,0.0,55
sarimi gelas rasa baso sapi,PT. Indofood CBP Sukses Makmur Tbk,3 g,50.0,2.0,18.0,6.0,2.0,390.0,3.0,6.51,3.33,5.54,8.96,26.0,15.0,26.0,0.0,0.0,0.0,0.0,10.0,48
dalgona coffe,Tidak Diketahui,9.25 g,306.0,9.25,52.77,7.05,33.86,0.0,0.0,14.23,15.42,16.24,10.52,0.0,0.0,0.0,16.0,17.0,15.0,0.0,0.0,24
lousiana rub (classic wings),Tidak Diketahui,1 g,171.0,15.0,1.0,12.0,0.0,0.0,1.0,7.95,25.0,0.31,17.91,0.0,0.0,0.0,25.0,0.0,8.0,18.0,0.0,64
outback steackhouse ribeye,Tidak Diketahui,58 g,540.0,58.0,0.0,35.0,0.0,0.0,0.0,25.12,96.67,0.0,52.24,0.0,0.0,0.0,97.0,0.0,26.0,53.0,0.0,64
bonchon spicy wings,Tidak Diketahui,0 g,800.0,56.0,18.0,54.0,5.0,0.0,0.0,37.21,93.33,5.54,80.6,0.0,0.0,0.0,94.0,0.0,38.0,81.0,0.0,60
talas bogor kukus,Tidak Diketahui,0.80 g,120.0,1.5,28.2,0.3,0.0,11.0,0.7,5.58,2.5,8.68,0.45,0.73,0.0,0.0,0.0,0.0,0.0,0.0,0.0,38
maya sardines chili sause,PT. Maya Muncar,0.23 g,180.0,12.08,2.6,2.11,0.0,0.2,0.0,8.37,20.13,0.8,3.15,0.01,0.0,0.0,21.0,0.0,0.0,0.0,0.0,39
"cempedak, segar",Tidak Diketahui,1 g,116.0,3.0,28.6,0.4,0.0,25.0,3.4,5.4,5.0,8.8,0.6,1.67,0.0,0.0,0.0,0.0,0.0,0.0,0.0,55
good day rock caramello 3 in 1 200g,PT. Santos jaya abadi,1 g,40.0,1.0,14.0,4.5,13.0,100.0,1.0,4.65,1.67,4.31,6.72,6.67,23.0,7.0,0.0,0.0,0.0,7.0,0.0,64
pronas sarden saus pedas (425 g),PT. GEMA ISTA RAYA,8 g,80.0,8.0,2.0,4.0,0.0,120.0,0.0,3.72,13.33,0.62,5.97,8.0,13.0,0.0,14.0,0.0,0.0,0.0,0.0,49
"terung belanda, segar",Tidak Diketahui,1 g,52.0,2.1,8.6,1.1,0.0,0.0,1.4,2.42,3.5,2.65,1.64,0.0,0.0,0.0,0.0,0.0,0.0,0.0,0.0,24
chitato,PT. Indofood CBP Sukses Makmur Tbk.,2 g,110.0,2.0,11.0,6.0,0.0,0.0,0.0,5.12,3.33,3.38,8.96,0.0,0.0,0.0,0.0,4.0,6.0,9.0,0.0,63
rambutan,Tidak Diketahui,0.40 g,69.0,0.9,18.1,0.1,0.0,16.0,0.8,3.21,1.5,5.57,0.15,1.07,0.0,0.0,0.0,0.0,0.0,0.0,0.0,62
"beras ketan putih tumbuk, mentah",Tidak Diketahui,0.50 g,361.0,7.4,78.4,0.8,0.0,3.0,0.4,16.79,12.33,24.12,1.19,0.2,0.0,0.0,0.0,0.0,0.0,0.0,0.0,59
sawo manila,Tidak Diketahui,0.50 g,92.0,0.5,22.4,1.1,0.0,26.0,9.5,4.28,0.83,6.89,1.64,1.73,0.0,0.0,0.0,0.0,0.0,0.0,0.0,31
kerupuk cumi goreng,Tidak Diketahui,3.80 g,444.0,6.9,71.3,14.6,0.0,837.0,5.0,20.65,11.5,21.94,21.79,55.8,0.0,0.0,0.0,0.0,0.0,0.0,0.0,73
gemblong,Tidak Diketahui,1.20 g,274.0,1.7,55.5,5.4,0.0,0.0,2.2,12.74,2.83,17.08,8.06,0.0,0.0,0.0,0.0,0.0,0.0,0.0,0.0,73
pop mie rasa baso,Tidak Diketahui,3 g,140.0,8.0,47.0,15.0,5.0,720.0,3.0,16.74,13.33,14.46,22.39,48.0,35.0,48.0,0.0,0.0,0.0,23.0,0.0,61
"soto madura, masakan",Tidak Diketahui,0.90 g,60.0,3.5,1.3,4.5,0.0,0.0,0.0,2.79,5.83,0.4,6.72,0.0,0.0,0.0,0.0,0.0,0.0,0.0,0.0,44
saos tomat,Tidak Diketahui,3.60 g,110.0,2.0,24.5,0.4,0.0,890.0,0.9,5.12,3.33,7.54,0.6,59.33,0.0,0.0,0.0,0.0,0.0,0.0,0.0,24
sariroti sandwich coklat,PT. Nippon Indosari corporindo Tbk,2 g,150.0,3.0,21.0,6.0,4.0,125.0,2.0,6.98,5.0,6.46,8.96,8.33,0.0,9.0,0.0,0.0,7.0,9.0,0.0,46
"bentul (komba), talas, segar",Tidak Diketahui,1.80 g,98.0,1.6,20.9,0.7,0.0,0.0,0.7,4.56,2.67,6.43,1.04,0.0,0.0,0.0,0.0,0.0,0.0,0.0,0.0,37
sagu manis,Tidak Diketahui,0.60 g,287.0,0.5,62.4,3.9,0.0,34.0,0.0,13.35,0.83,19.2,5.82,2.27,0.0,0.0,0.0,0.0,0.0,0.0,0.0,68
lemonia biscuit,PT. Serena Indopangan Industri,1 g,45.0,1.0,13.0,5.0,5.0,50.0,1.0,4.65,1.67,4.0,7.46,3.33,10.0,0.0,0.0,0.0,5.0,8.0,0.0,69
"koro loke, biji",Tidak Diketahui,0.60 g,33.0,2.7,7.9,0.2,0.0,2.0,3.5,1.53,4.5,2.43,0.3,0.13,0.0,0.0,0.0,0.0,0.0,0.0,0.0,58
"daun pakis, segar",Tidak Diketahui,1.40 g,39.0,4.5,6.9,0.4,0.0,20.0,2.0,1.81,7.5,2.12,0.6,1.33,0.0,0.0,0.0,0.0,0.0,0.0,0.0,41
kangkung tondano,Tidak Diketahui,1.10 g,43.0,1.8,8.4,0.2,0.0,30.0,4.3,2.0,3.0,2.58,0.3,2.0,0.0,0.0,0.0,0.0,0.0,0.0,0.0,66
mie telur cap 3 ayam,PT. Indofood CBP Sukses Makmur Tbk.,6 g,230.0,8.0,49.0,0.0,2.0,0.0,6.0,10.7,13.33,15.08,0.0,0.0,0.0,0.0,14.0,16.0,0.0,0.0,20.0,45
"pala, daging, segar",Tidak Diketahui,0.50 g,42.0,0.3,10.9,0.2,0.0,0.0,0.5,1.95,0.5,3.35,0.3,0.0,0.0,0.0,0.0,0.0,0.0,0.0,0.0,58
tepung gaplek,Tidak Diketahui,1.10 g,345.0,2.4,83.1,0.4,0.0,6.0,6.7,16.05,4.0,25.57,0.6,0.4,0.0,0.0,0.0,0.0,0.0,0.0,0.0,69
tempe kedelai murni mentah,Tidak Diketahui,1.60 g,201.0,20.8,13.5,8.8,0.0,9.0,1.4,9.35,34.67,4.15,13.13,0.6,0.0,0.0,0.0,0.0,0.0,0.0,0.0,12
flax seeds,Tidak Diketahui,18.29 g,534.0,18.29,28.88,42.16,0.0,0.0,0.0,24.84,30.48,8.89,62.93,0.0,0.0,0.0,0.0,0.0,0.0,0.0,0.0,38
starbucks hot caramel macchiato (nonfat milk),Tidak Diketahui,11 g,200.0,11.0,36.0,1.5,0.0,0.0,0.0,9.3,18.33,11.08,2.24,0.0,0.0,0.0,19.0,12.0,10.0,0.0,0.0,65
bango bumbu kuliner nusantara tongseng khas solo,PT. Sekar Laut Tbk,1 g,15.0,0.0,5.0,1.5,4.0,800.0,1.0,1.63,0.0,1.54,2.24,53.33,3.0,54.0,0.0,0.0,0.0,0.0,4.0,21
bobengka,Tidak Diketahui,0.60 g,225.0,5.3,45.2,2.6,0.0,0.0,0.0,10.47,8.83,13.91,3.88,0.0,0.0,0.0,0.0,0.0,0.0,0.0,0.0,52
"markisa squash, bd",Tidak Diketahui,0.20 g,104.0,1.2,23.7,0.5,0.0,40.0,0.0,4.84,2.0,7.29,0.75,2.67,0.0,0.0,0.0,0.0,0.0,0.0,0.0,15
pizza hut deluxe cheeses,PT. Sarimelati kencana Tbk,1 g,150.0,6.0,17.0,6.0,2.0,0.0,1.0,6.98,10.0,5.23,8.96,0.0,0.0,0.0,10.0,0.0,7.0,9.0,0.0,48
mi abc cup baso sapi,PT.Wings food,4 g,290.0,7.0,34.0,13.0,3.0,0.0,4.0,13.49,11.67,10.46,19.4,0.0,0.0,0.0,0.0,0.0,14.0,20.0,14.0,74
nasi merah,Tidak Diketahui,0.30 g,149.0,2.8,32.5,0.4,0.0,5.0,0.3,6.93,4.67,10.0,0.6,0.33,0.0,0.0,0.0,0.0,0.0,0.0,0.0,27
bagea kenari manis,Tidak Diketahui,1.30 g,523.0,3.2,64.2,28.2,0.0,74.0,0.0,24.33,5.33,19.75,42.09,4.93,0.0,0.0,0.0,0.0,0.0,0.0,0.0,22
teh javana,PT. Tirta Alam Segar,0 g,0.0,0.0,28.0,0.0,28.0,75.0,0.0,5.12,0.0,8.62,0.0,5.0,0.0,5.0,0.0,9.0,6.0,0.0,0.0,33
biokul greek  yogurt,PT. Sukanda djaya,6 g,160.0,6.0,6.0,12.0,2.0,0.0,0.0,7.44,10.0,1.85,17.91,0.0,0.0,0.0,10.0,0.0,8.0,18.0,0.0,78
frisian flag sweet delight,PT. Frisian Flag Indonesia,6 g,150.0,6.0,20.0,6.0,18.0,75.0,0.0,6.98,10.0,6.15,8.96,5.0,0.0,0.0,10.0,0.0,7.0,9.0,0.0,23
ahh nabati richeese,Tidak Diketahui,0 g,10.0,0.0,3.0,1.0,1.0,15.0,0.0,0.93,0.0,0.92,1.49,1.0,3.0,1.0,0.0,0.0,0.0,2.0,0.0,42
indomie mi kuah,PT. Indofood CBP Sukses Makmur Tbk.,2 g,300.0,7.0,43.0,11.0,3.0,0.0,2.0,13.95,11.67,13.23,16.42,0.0,0.0,0.0,0.0,14.0,14.0,17.0,0.0,14
saladstop bold bulgogi,Tidak Diketahui,6 g,411.8,17.7,30.6,25.7,13.3,695.4,6.0,19.15,29.5,9.42,38.36,46.36,0.0,47.0,30.0,0.0,0.0,39.0,0.0,58
kue sus,Tidak Diketahui,0.90 g,221.0,7.5,24.8,10.2,0.0,0.0,0.0,10.28,12.5,7.63,15.22,0.0,0.0,0.0,0.0,0.0,0.0,0.0,0.0,56
dodol galamai,Tidak Diketahui,1.20 g,348.0,0.4,76.1,3.8,0.0,38.0,0.5,16.19,0.67,23.42,5.67,2.53,0.0,0.0,0.0,0.0,0.0,0.0,0.0,65
ketoprak,Tidak Diketahui,2.60 g,153.0,7.9,13.0,7.7,0.0,0.0,2.9,7.12,13.17,4.0,11.49,0.0,0.0,0.0,0.0,0.0,0.0,0.0,0.0,14
kue koa,Tidak Diketahui,1 g,340.0,4.8,79.3,0.4,0.0,0.0,0.0,15.81,8.0,24.4,0.6,0.0,0.0,0.0,0.0,0.0,0.0,0.0,0.0,53
keju mozzarella,Tidak Diketahui,27.50 g,280.0,27.5,3.1,17.1,0.0,0.0,0.0,13.02,45.83,0.95,25.52,0.0,0.0,0.0,46.0,0.0,14.0,26.0,0.0,58
espresso,Tidak Diketahui,0.04 g,3.0,0.04,0.49,0.05,0.0,0.0,0.0,0.14,0.07,0.15,0.07,0.0,0.0,0.0,0.0,1.0,1.0,1.0,0.0,69
permen frozz lime mint,PT. Konimex,0 g,0.0,0.0,1.0,0.0,0.0,0.0,0.0,0.0,0.0,0.31,0.0,0.0,0.0,0.0,0.0,1.0,0.0,0.0,0.0,23
eskrim magnum white almond,PT. Andrawina Darma Manunggal Mulya,3 g,230.0,3.0,23.0,14.0,13.0,0.0,3.0,10.7,5.0,7.08,20.9,0.0,0.0,0.0,0.0,0.0,11.0,21.0,10.0,47
pop mie mie goreng pedas,PT. Indofood CBP Sukses Makmur Tbk.,6 g,370.0,6.0,49.0,17.0,4.0,0.0,6.0,17.21,10.0,15.08,25.37,0.0,0.0,0.0,0.0,0.0,18.0,26.0,20.0,32
berilla collezione lasagne all'uovo,Tidak Diketahui,11 g,370.0,11.0,71.0,4.0,0.0,30.0,0.0,17.21,18.33,21.85,5.97,2.0,0.0,0.0,19.0,22.0,18.0,0.0,0.0,49
roma sandwich,Tidak Diketahui,2 g,140.0,2.0,17.0,7.0,6.0,80.0,0.0,6.51,3.33,5.23,10.45,5.33,0.0,6.0,0.0,0.0,7.0,11.0,0.0,13
"taoge kacang tunggak, segar",Tidak Diketahui,1 g,40.0,5.0,5.8,0.2,0.0,2.0,2.6,1.86,8.33,1.78,0.3,0.13,0.0,0.0,0.0,0.0,0.0,0.0,0.0,31
kacang negara,Tidak Diketahui,0.90 g,480.0,18.4,58.5,19.1,0.0,1010.0,11.7,22.33,30.67,18.0,28.51,67.33,0.0,0.0,0.0,0.0,0.0,0.0,0.0,42
piattos sambal geprek flavor,PT. URC Indonesia,2 g,45.0,1.0,13.0,5.0,1.0,100.0,2.0,4.65,1.67,4.0,7.46,6.67,10.0,7.0,0.0,0.0,0.0,8.0,0.0,27
japilus,Tidak Diketahui,2.70 g,500.0,1.2,67.3,25.1,0.0,0.0,0.4,23.26,2.0,20.71,37.46,0.0,0.0,0.0,0.0,0.0,0.0,0.0,0.0,30
ribeye,Tidak Diketahui,19.80 g,217.0,19.8,0.11,15.21,0.0,0.0,0.0,10.09,33.0,0.03,22.7,0.0,0.0,0.0,0.0,0.0,0.0,0.0,0.0,74
"ikan bader, segar",Tidak Diketahui,2 g,193.0,19.0,0.0,13.0,0.0,118.0,0.0,8.98,31.67,0.0,19.4,7.87,0.0,0.0,0.0,0.0,0.0,0.0,0.0,33
nutrijell pudding suus rasa vanila (120 g),PT. Forisa Nusapersada,0 g,40.0,0.0,8.0,0.5,5.0,30.0,0.0,1.86,0.0,2.46,0.75,2.0,0.0,2.0,0.0,3.0,2.0,0.0,0.0,30
mie sedaap kari spesial,PT. Indofood Sukses Makmur,3 g,340.0,8.0,48.0,13.0,2.0,0.0,3.0,15.81,13.33,14.77,19.4,0.0,0.0,0.0,0.0,15.0,16.0,20.0,0.0,77
burger carl's jr california classic double cheeseburger,Tidak Diketahui,2 g,600.0,23.0,41.0,39.0,11.0,0.0,2.0,27.91,38.33,12.62,58.21,0.0,0.0,0.0,39.0,0.0,28.0,59.0,0.0,52
the coffe bean & tea leaf matcha ice blended drink,Tidak Diketahui,16 g,410.0,16.0,67.0,9.0,59.0,0.0,0.0,19.07,26.67,20.62,13.43,0.0,0.0,0.0,27.0,21.0,20.0,0.0,0.0,46
permen mentos spearmint,PT. Perfetti van melle,0 g,5.0,0.0,1.0,0.0,0.0,0.0,0.0,0.23,0.0,0.31,0.0,0.0,0.0,0.0,0.0,1.0,1.0,0.0,0.0,36
teh kotak rasa apel,"PT. Ultrajaya Milk Industry & Trading CO.,Tbk",0 g,100.0,0.0,24.0,0.0,20.0,50.0,0.0,4.65,0.0,7.38,0.0,3.33,0.0,4.0,0.0,8.0,5.0,0.0,0.0,56
santan (dengan air),Tidak Diketahui,0.40 g,122.0,2.0,7.6,10.0,0.0,9.0,1.4,5.67,3.33,2.34,14.93,0.6,0.0,0.0,0.0,0.0,0.0,0.0,0.0,52
mi basah,Tidak Diketahui,2.10 g,88.0,0.6,14.0,3.3,0.0,63.0,0.1,4.09,1.0,4.31,4.93,4.2,0.0,0.0,0.0,0.0,0.0,0.0,0.0,37
sagu forno,Tidak Diketahui,0.60 g,291.0,0.5,63.4,4.0,0.0,40.0,0.0,13.53,0.83,19.51,5.97,2.67,0.0,0.0,0.0,0.0,0.0,0.0,0.0,57
gado-gado,Tidak Diketahui,1.50 g,137.0,6.1,21.0,3.2,0.0,0.0,1.1,6.37,10.17,6.46,4.78,0.0,0.0,0.0,0.0,0.0,0.0,0.0,0.0,71
coklat hershey's milk chocolate,Tidak Diketahui,0.10 g,22.0,0.3,2.8,1.3,2.6,0.0,0.1,1.02,0.5,0.86,1.94,0.0,0.0,0.0,0.0,1.0,2.0,2.0,0.0,58
mie aceh rebus,Tidak Diketahui,1.10 g,113.0,3.0,18.1,3.2,0.0,191.0,0.0,5.26,5.0,5.57,4.78,12.73,0.0,0.0,0.0,0.0,0.0,0.0,0.0,30
jagung gerontol,Tidak Diketahui,0.80 g,156.0,2.7,33.3,1.3,0.0,0.0,1.0,7.26,4.5,10.25,1.94,0.0,0.0,0.0,0.0,0.0,0.0,0.0,0.0,44
puff pastry sheet,Tidak Diketahui,3 g,200.0,3.0,18.0,13.0,1.0,0.0,0.0,9.3,5.0,5.54,19.4,0.0,0.0,0.0,0.0,6.0,10.0,20.0,0.0,32
melinjo emping tebal goreng asin,Tidak Diketahui,1.60 g,431.0,11.1,63.0,16.2,0.0,0.0,0.0,20.05,18.5,19.38,24.18,0.0,0.0,0.0,0.0,0.0,0.0,0.0,0.0,64
"wortel,segar",Tidak Diketahui,0.60 g,36.0,1.0,7.9,0.6,0.0,70.0,1.0,1.67,1.67,2.43,0.9,4.67,0.0,0.0,0.0,0.0,0.0,0.0,0.0,68
yogurt greek yummy original,PT. Heavenly nutrition indonesia,7 g,140.0,7.0,17.0,4.0,8.0,0.0,0.0,6.51,11.67,5.23,5.97,0.0,0.0,0.0,12.0,0.0,7.0,6.0,0.0,53
sayur sop,Tidak Diketahui,2.70 g,27.0,1.3,1.0,2.0,0.0,0.0,0.3,1.26,2.17,0.31,2.99,0.0,0.0,0.0,0.0,0.0,0.0,0.0,0.0,69
pulut,Tidak Diketahui,0.80 g,216.0,2.6,44.4,3.1,0.0,100.0,0.0,10.05,4.33,13.66,4.63,6.67,0.0,0.0,0.0,0.0,0.0,0.0,0.0,17
"andaliman, segar",Tidak Diketahui,2.20 g,99.0,4.6,18.0,1.0,0.0,0.0,8.5,4.6,7.67,5.54,1.49,0.0,0.0,0.0,0.0,0.0,0.0,0.0,0.0,50
nutrisari jus mangga,PT.Nutrifood indonesia,0 g,60.0,0.0,13.0,1.0,12.0,0.0,0.0,2.79,0.0,4.0,1.49,0.0,0.0,0.0,0.0,4.0,3.0,2.0,0.0,68
"ikan batung, segar",Tidak Diketahui,1.10 g,115.0,14.5,4.2,4.6,0.0,42.0,0.0,5.35,24.17,1.29,6.87,2.8,0.0,0.0,0.0,0.0,0.0,0.0,0.0,76
"bihun, mentah",Tidak Diketahui,0.20 g,348.0,4.7,82.1,0.1,0.0,12.0,1.2,16.19,7.83,25.26,0.15,0.8,0.0,0.0,0.0,0.0,0.0,0.0,0.0,70
"kelapa setengah tua, daging, segar",Tidak Diketahui,1 g,180.0,4.0,10.0,15.0,0.0,4.0,2.4,8.37,6.67,3.08,22.39,0.27,0.0,0.0,0.0,0.0,0.0,0.0,0.0,28
dancow susu bubuk fortigro full cream,Tidak Diketahui,6 g,120.0,6.0,10.0,7.0,0.0,90.0,0.0,5.58,10.0,3.08,10.45,6.0,0.0,6.0,10.0,0.0,0.0,11.0,0.0,58
pork loin,Tidak Diketahui,19.74 g,198.0,19.74,0.0,12.58,0.0,0.0,0.0,9.21,32.9,0.0,18.78,0.0,0.0,0.0,0.0,0.0,0.0,0.0,0.0,26
cake tape,Tidak Diketahui,1.40 g,323.0,4.9,50.1,11.5,0.0,0.0,1.4,15.02,8.17,15.42,17.16,0.0,0.0,0.0,0.0,0.0,0.0,0.0,0.0,24
supermi rasa kaldu ayam,PT. Indofood CBP Sukses Makmur Tbk,3 g,100.0,6.0,45.0,11.0,2.0,920.0,3.0,13.95,10.0,13.85,16.42,61.33,30.0,62.0,0.0,0.0,0.0,17.0,0.0,75
"jawawut,mentah",Tidak Diketahui,1.50 g,364.0,9.7,73.4,3.5,0.0,7.0,8.2,16.93,16.17,22.58,5.22,0.47,0.0,0.0,0.0,0.0,0.0,0.0,0.0,20
"ikan selar kuning cue, mentah",Tidak Diketahui,0.70 g,138.0,27.0,0.0,3.3,0.0,0.0,0.0,6.42,45.0,0.0,4.93,0.0,0.0,0.0,0.0,0.0,0.0,0.0,0.0,13
sate ayam,Tidak Diketahui,19.54 g,225.0,19.54,4.87,14.82,0.0,355.0,0.0,10.47,32.57,1.5,22.12,23.67,0.0,24.0,33.0,0.0,0.0,23.0,0.0,15
ademsari chingku herbal tea,PT. Sari Enesis Indonesia,0 g,90.0,0.0,21.0,0.0,21.0,0.0,0.0,4.19,0.0,6.46,0.0,0.0,0.0,0.0,0.0,7.0,5.0,0.0,0.0,17
"batatas gembili, segar",Tidak Diketahui,0.70 g,76.0,1.1,16.0,0.9,0.0,10.0,4.2,3.53,1.83,4.92,1.34,0.67,0.0,0.0,0.0,0.0,0.0,0.0,0.0,24
"daun pakis loggiho, segar",Tidak Diketahui,1.60 g,54.0,2.2,3.1,3.6,0.0,70.0,2.1,2.51,3.67,0.95,5.37,4.67,0.0,0.0,0.0,0.0,0.0,0.0,0.0,56
supermi rasa steak ayam,Tidak Diketahui,4 g,140.0,7.0,54.0,15.0,6.0,590.0,4.0,17.67,11.67,16.62,22.39,39.33,35.0,40.0,0.0,0.0,0.0,23.0,0.0,61
"koro wedus, biji, kering",Tidak Diketahui,3.50 g,338.0,22.2,61.0,1.5,0.0,43.0,5.8,15.72,37.0,18.77,2.24,2.87,0.0,0.0,0.0,0.0,0.0,0.0,0.0,16
red hot cajun  (classic wings),Tidak Diketahui,1 g,142.0,15.0,1.0,8.0,0.0,0.0,1.0,6.6,25.0,0.31,11.94,0.0,0.0,0.0,25.0,0.0,7.0,12.0,0.0,16
tony roma's the original baby back ribs,Tidak Diketahui,0 g,563.0,30.0,55.0,25.0,50.0,0.0,0.0,26.19,50.0,16.92,37.31,0.0,0.0,0.0,50.0,0.0,27.0,38.0,0.0,51
kerupuk kemplang (ikan) mentah,Tidak Diketahui,5.10 g,325.0,1.8,78.5,0.4,0.0,1123.0,4.5,15.12,3.0,24.15,0.6,74.87,0.0,0.0,0.0,0.0,0.0,0.0,0.0,22
rempeyek kacang uci,Tidak Diketahui,3.40 g,497.0,17.0,50.8,27.6,0.0,0.0,2.4,23.12,28.33,15.63,41.19,0.0,0.0,0.0,0.0,0.0,0.0,0.0,0.0,21
ampas kacang hijau,Tidak Diketahui,0.60 g,96.0,3.7,19.1,0.6,0.0,0.0,2.7,4.47,6.17,5.88,0.9,0.0,0.0,0.0,0.0,0.0,0.0,0.0,0.0,77
pronas chicken luncheon,PT. Canning Indonesia,3 g,80.0,4.0,3.0,6.0,0.0,0.0,3.0,3.72,6.67,0.92,8.96,0.0,0.0,0.0,7.0,0.0,0.0,9.0,10.0,24
"susu kerbau, segar",Tidak Diketahui,0.80 g,160.0,6.3,7.1,12.0,0.0,82.0,0.0,7.44,10.5,2.18,17.91,5.47,0.0,0.0,0.0,0.0,0.0,0.0,0.0,27
"soto sukaraja, masakan",Tidak Diketahui,1.10 g,80.0,3.2,9.0,3.5,0.0,0.0,0.3,3.72,5.33,2.77,5.22,0.0,0.0,0.0,0.0,0.0,0.0,0.0,0.0,15
chitato keripik kentang rasa sapi panggang,PT. Indofood CBP Sukses Makmur Tbk,2 g,110.0,2.0,11.0,6.0,0.0,115.0,0.0,5.12,3.33,3.38,8.96,7.67,0.0,8.0,0.0,0.0,6.0,9.0,0.0,31
manan samin,Tidak Diketahui,0.80 g,379.0,3.4,50.6,18.1,0.0,0.0,0.0,17.63,5.67,15.57,27.01,0.0,0.0,0.0,0.0,0.0,0.0,0.0,0.0,46
pizza hut meat lover's,PT. Sarimelati kencana Tbk,2 g,470.0,19.0,36.0,28.0,1.0,0.0,2.0,21.86,31.67,11.08,41.79,0.0,0.0,0.0,32.0,0.0,22.0,42.0,0.0,53
bika ambon,Tidak Diketahui,0.60 g,199.0,2.1,44.4,1.5,0.0,0.0,0.3,9.26,3.5,13.66,2.24,0.0,0.0,0.0,0.0,0.0,0.0,0.0,0.0,39
keju lemnos fetta cheese,Tidak Diketahui,5.40 g,83.0,5.4,0.4,6.9,0.9,0.0,0.0,3.86,9.0,0.12,10.3,0.0,0.0,0.0,9.0,0.0,4.0,11.0,0.0,17
krupuk bocah tua (mentah),PT. . Indosnack Makmur Abadi,1 g,340.0,1.0,84.0,0.0,0.0,1570.0,0.0,15.81,1.67,25.85,0.0,104.67,0.0,105.0,0.0,26.0,16.0,0.0,0.0,19
nissin wafer coklat,PT. Monde Mahkota Biskuit,2 g,50.0,2.0,20.0,6.0,8.0,70.0,0.0,6.51,3.33,6.15,8.96,4.67,15.0,0.0,0.0,0.0,7.0,9.0,0.0,72
richeese nabati,Tidak Diketahui,0 g,40.0,0.0,6.0,1.5,0.0,30.0,0.0,1.86,0.0,1.85,2.24,2.0,0.0,2.0,0.0,0.0,2.0,3.0,0.0,65
kfc extra crispy sayap,PT. Fast food indonesia,10 g,170.0,10.0,5.0,13.0,0.0,0.0,0.0,7.91,16.67,1.54,19.4,0.0,0.0,0.0,17.0,0.0,8.0,20.0,0.0,71
kacang uci,Tidak Diketahui,3.70 g,358.0,23.4,60.6,2.4,0.0,13.0,7.4,16.65,39.0,18.65,3.58,0.87,0.0,0.0,0.0,0.0,0.0,0.0,0.0,72
kecimpring singkong goreng,Tidak Diketahui,3.50 g,464.0,1.2,73.0,18.6,0.0,0.0,1.3,21.58,2.0,22.46,27.76,0.0,0.0,0.0,0.0,0.0,0.0,0.0,0.0,63
sariroti sandwich krim keju,PT. Nippon Indosari corporindo Tbk,1 g,130.0,3.0,17.0,6.0,3.0,260.0,1.0,6.05,5.0,5.23,8.96,17.33,0.0,18.0,0.0,0.0,7.0,9.0,0.0,74
susu my protein impact whey protein,PT. Natural Nusantara,0.50 g,105.0,20.0,3.0,1.8,1.6,0.0,0.5,4.88,33.33,0.92,2.69,0.0,0.0,0.0,34.0,0.0,5.0,3.0,0.0,77
"ubi jalar kuning, segar",Tidak Diketahui,1 g,119.0,0.5,25.1,0.4,0.0,3.0,4.2,5.53,0.83,7.72,0.6,0.2,0.0,0.0,0.0,0.0,0.0,0.0,0.0,48
"amparan, tatak",Tidak Diketahui,0.80 g,191.0,1.3,34.0,5.5,0.0,0.0,0.0,8.88,2.17,10.46,8.21,0.0,0.0,0.0,0.0,0.0,0.0,0.0,0.0,64
kluwek,Tidak Diketahui,1.50 g,310.0,10.0,13.5,24.0,0.0,0.0,0.0,14.42,16.67,4.15,35.82,0.0,0.0,0.0,0.0,0.0,0.0,0.0,0.0,28
keripik qtela singkong,PT. Arira Pangindo,0 g,100.0,0.0,14.0,5.0,1.0,0.0,0.0,4.65,0.0,4.31,7.46,0.0,0.0,0.0,0.0,5.0,5.0,8.0,0.0,77
milo activ-go 18 gram,PT. Nestle Indonesia,0 g,15.0,2.0,13.0,2.0,8.0,35.0,0.0,3.72,3.33,4.0,2.99,2.33,5.0,0.0,0.0,4.0,4.0,0.0,0.0,16
indomie rasa ayam bawang,PT. Indofood CBP Sukses Makmur Tbk.,2 g,100.0,7.0,43.0,11.0,3.0,1330.0,2.0,13.95,11.67,13.23,16.42,88.67,30.0,89.0,0.0,0.0,0.0,17.0,0.0,11
ketela pohon kukus,Tidak Diketahui,0.60 g,153.0,1.2,36.4,0.3,0.0,2.0,1.3,7.12,2.0,11.2,0.45,0.13,0.0,0.0,0.0,0.0,0.0,0.0,0.0,55
indomie rasa ayam special,PT. Indofood CBP Sukses Makmur Tbk.,2 g,90.0,7.0,44.0,10.0,3.0,1180.0,2.0,13.95,11.67,13.54,14.93,78.67,25.0,79.0,0.0,0.0,0.0,15.0,0.0,62
caotina,Tidak Diketahui,1 g,114.0,1.0,10.4,7.4,10.0,20.0,0.0,5.3,1.67,3.2,11.04,1.33,0.0,0.0,0.0,4.0,6.0,12.0,0.0,79
"jahe, segar",Tidak Diketahui,1.20 g,51.0,1.5,10.1,1.0,0.0,12.0,12.0,2.37,2.5,3.11,1.49,0.8,0.0,0.0,0.0,0.0,0.0,0.0,0.0,69
"lamtoro biji tua, segar",Tidak Diketahui,1.30 g,148.0,10.6,26.2,0.5,0.0,28.0,17.0,6.88,17.67,8.06,0.75,1.87,0.0,0.0,0.0,0.0,0.0,0.0,0.0,79
yeo's chrysantenum tea,PT. YHS Indonesia,0 g,90.0,0.0,22.0,0.0,22.0,0.0,0.0,4.19,0.0,6.77,0.0,0.0,0.0,0.0,0.0,7.0,5.0,0.0,0.0,14
kue kelapa,Tidak Diketahui,1.50 g,591.0,5.6,47.5,42.1,0.0,33.0,0.0,27.49,9.33,14.62,62.84,2.2,0.0,0.0,0.0,0.0,0.0,0.0,0.0,26
teajus gula batu,PT.Karunia Alam Segar,0 g,25.0,0.0,6.0,0.0,5.0,0.0,0.0,1.16,0.0,1.85,0.0,0.0,0.0,0.0,0.0,2.0,2.0,0.0,0.0,33
sowa,Tidak Diketahui,10 g,48.0,1.6,9.1,0.6,0.0,9.0,45.0,2.23,2.67,2.8,0.9,0.6,0.0,0.0,0.0,0.0,0.0,0.0,0.0,62
nestle cerelac bubur sereal susu rasa ayam sayur,Tidak Diketahui,8 g,210.0,8.0,34.0,5.0,0.0,150.0,0.0,9.77,13.33,10.46,7.46,10.0,0.0,10.0,14.0,11.0,0.0,0.0,0.0,47
nissin ufo fried ramen 100 g,PT. nissin food indonesia,2 g,190.0,8.0,62.0,21.0,6.0,1980.0,2.0,21.86,13.33,19.08,31.34,132.0,45.0,132.0,0.0,0.0,0.0,32.0,0.0,59
ricola herb canndy,Tidak Diketahui,0 g,60.0,0.0,15.0,0.0,0.0,0.0,0.0,2.79,0.0,4.62,0.0,0.0,0.0,0.0,0.0,5.0,3.0,0.0,0.0,78
"jagung kuning pipil, rebus",Tidak Diketahui,0.60 g,154.0,3.8,28.4,3.5,0.0,5.0,0.7,7.16,6.33,8.74,5.22,0.33,0.0,0.0,0.0,0.0,0.0,0.0,0.0,29
"beras tumbuk, mentah",Tidak Diketahui,0.40 g,354.0,7.8,79.9,0.4,0.0,5.0,3.8,16.47,13.0,24.58,0.6,0.33,0.0,0.0,0.0,0.0,0.0,0.0,0.0,21
mostarda metan-sawi,Tidak Diketahui,1.10 g,33.0,2.3,4.7,0.5,0.0,20.0,1.8,1.53,3.83,1.45,0.75,1.33,0.0,0.0,0.0,0.0,0.0,0.0,0.0,21
abc minuman asam jawa,PT. Heinz ABC Indonesia,0 g,140.0,0.0,34.0,0.0,0.0,0.0,0.0,6.51,0.0,10.46,0.0,0.0,0.0,0.0,0.0,11.0,7.0,0.0,0.0,22
"labu siam, segar",Tidak Diketahui,0.30 g,30.0,0.6,6.7,0.1,0.0,3.0,6.2,1.4,1.0,2.06,0.15,0.2,0.0,0.0,0.0,0.0,0.0,0.0,0.0,48
sirup sunquick orange,PT.Lasallefood,0 g,45.0,0.0,11.0,0.0,11.0,0.0,0.0,2.09,0.0,3.38,0.0,0.0,0.0,0.0,0.0,4.0,3.0,0.0,0.0,59
kembang tahu rebus,Tidak Diketahui,0.80 g,90.0,10.7,4.7,4.0,0.0,0.0,0.0,4.19,17.83,1.45,5.97,0.0,0.0,0.0,0.0,0.0,0.0,0.0,0.0,61
indofood racik bumbu nasi goreng,Tidak Diketahui,0 g,0.0,0.0,4.0,0.0,2.0,1050.0,0.0,0.93,0.0,1.23,0.0,70.0,0.0,70.0,0.0,2.0,1.0,0.0,0.0,62
tahu telur,Tidak Diketahui,1.10 g,328.0,12.6,24.6,19.9,0.0,755.4,0.4,15.26,21.0,7.57,29.7,50.36,0.0,0.0,0.0,0.0,0.0,0.0,0.0,56
tempe bongkrek,Tidak Diketahui,146.30 g,119.0,4.4,18.3,3.5,0.0,0.0,0.0,5.53,7.33,5.63,5.22,0.0,0.0,0.0,0.0,0.0,0.0,0.0,0.0,32
royco ayam bumbu rujak,PT. Unilever Indonesia,0 g,10.0,0.0,2.0,0.0,2.0,0.0,0.0,0.47,0.0,0.62,0.0,0.0,0.0,0.0,0.0,1.0,1.0,0.0,0.0,19
fitbar,PT.Sanghiang perkasa,1 g,90.0,3.0,14.0,2.5,4.0,0.0,1.0,4.19,5.0,4.31,3.73,0.0,0.0,0.0,5.0,5.0,5.0,0.0,0.0,18
tempe lamtoro var. gung tanpa kuit,Tidak Diketahui,1.10 g,131.0,18.0,13.0,0.8,0.0,0.0,1.3,6.09,30.0,4.0,1.19,0.0,0.0,0.0,0.0,0.0,0.0,0.0,0.0,40
oishi rasa udang pedas,Tidak Diketahui,0.50 g,12.5,1.0,8.0,1.5,1.0,95.0,0.5,2.33,1.67,2.46,2.24,6.33,4.0,7.0,0.0,3.0,0.0,0.0,0.0,30
"yoghurt, segar",Tidak Diketahui,2.20 g,52.0,3.3,4.0,2.5,0.0,40.0,0.0,2.42,5.5,1.23,3.73,2.67,0.0,0.0,0.0,0.0,0.0,0.0,0.0,27
"ikan kakatua, segar",Tidak Diketahui,1.30 g,82.0,11.4,6.4,1.2,0.0,90.0,0.0,3.81,19.0,1.97,1.79,6.0,0.0,0.0,0.0,0.0,0.0,0.0,0.0,17
es krim wall's double dutch,PT. Andrawina Darma Manunggal Mulya,1 g,150.0,3.0,18.0,7.0,9.0,0.0,1.0,6.98,5.0,5.54,10.45,0.0,0.0,0.0,0.0,6.0,7.0,11.0,0.0,37
bamboe tongseng,PT. Bamboe Indonesia,2 g,25.0,1.0,5.0,2.5,1.0,580.0,2.0,2.09,1.67,1.54,3.73,38.67,5.0,39.0,0.0,0.0,0.0,0.0,7.0,33
top sirloin,Tidak Diketahui,21.77 g,127.0,21.77,0.01,4.45,0.0,0.0,0.0,5.91,36.28,0.0,6.64,0.0,0.0,0.0,0.0,0.0,0.0,0.0,0.0,41
sambal terasi kokita,PT. Sekar Laut Tbk,1 g,30.0,1.0,5.0,1.0,1.0,0.0,0.0,1.4,1.67,1.54,1.49,0.0,0.0,0.0,2.0,2.0,0.0,2.0,0.0,46
susu mama minuman khusus ibu hamil & menyusui rasa cokelat,Tidak Diketahui,9 g,190.0,9.0,26.0,5.0,0.0,115.0,0.0,8.84,15.0,8.0,7.46,7.67,0.0,0.0,15.0,8.0,9.0,0.0,0.0,31
ubi jalar tinta / kemayung,Tidak Diketahui,1 g,108.0,0.5,25.6,0.4,0.0,1.0,4.2,5.02,0.83,7.88,0.6,0.07,0.0,0.0,0.0,0.0,0.0,0.0,0.0,53
cengkeh kering,Tidak Diketahui,5.20 g,330.0,5.2,57.4,8.9,0.0,282.0,10.0,15.35,8.67,17.66,13.28,18.8,0.0,0.0,0.0,0.0,0.0,0.0,0.0,24
kacang kedelai goreng,Tidak Diketahui,3.70 g,521.0,32.2,22.9,37.7,0.0,3492.0,7.6,24.23,53.67,7.05,56.27,232.8,0.0,0.0,0.0,0.0,0.0,0.0,0.0,43
monde boromon cookies,Tidak Diketahui,1 g,0.0,0.0,18.0,0.0,5.0,10.0,1.0,3.72,0.0,5.54,0.0,0.67,0.0,0.0,0.0,6.0,4.0,0.0,4.0,28
kfc extra crispy dada,PT. Fast food indonesia,35 g,530.0,35.0,18.0,35.0,0.0,0.0,0.0,24.65,58.33,5.54,52.24,0.0,0.0,0.0,59.0,0.0,25.0,53.0,0.0,62
mi abc cup mi ayam jamur,PT.Wings food,6 g,390.0,7.0,45.0,20.0,8.0,0.0,6.0,18.14,11.67,13.85,29.85,0.0,0.0,0.0,0.0,0.0,19.0,30.0,20.0,55
permen relaxa,PT. Aggel Langgeng,0 g,10.0,0.0,2.0,0.0,2.0,0.0,0.0,0.47,0.0,0.62,0.0,0.0,0.0,0.0,0.0,1.0,1.0,0.0,0.0,78
kopi good day chococinno,PT. Santos jaya abadi,1 g,98.0,1.0,17.0,2.0,0.0,15.0,0.0,4.56,1.67,5.23,2.99,1.0,0.0,0.0,0.0,6.0,5.0,3.0,0.0,58
pop ice taro,PT. Forisa Nusapersada,0 g,15.0,0.0,22.0,1.5,19.0,40.0,0.0,4.65,0.0,6.77,2.24,2.67,8.0,0.0,0.0,7.0,5.0,0.0,0.0,41
koro andong,Tidak Diketahui,3 g,356.0,20.5,61.6,4.1,0.0,18.0,7.0,16.56,34.17,18.95,6.12,1.2,0.0,0.0,0.0,0.0,0.0,0.0,0.0,45
"jeruk manis, segar",Tidak Diketahui,0.50 g,45.0,0.9,11.2,0.2,0.0,4.0,1.4,2.09,1.5,3.45,0.3,0.27,0.0,0.0,0.0,0.0,0.0,0.0,0.0,44
"ayam goreng kalasan, paha",Tidak Diketahui,2.90 g,275.0,37.4,1.3,12.2,0.0,176.0,0.0,12.79,62.33,0.4,18.21,11.73,0.0,0.0,0.0,0.0,0.0,0.0,0.0,11
bamboe lodeh,PT. Bamboe Indonesia,0 g,10.0,1.0,0.0,1.0,0.0,980.0,0.0,0.7,1.67,0.0,1.49,65.33,5.0,66.0,2.0,0.0,0.0,0.0,0.0,66
pizza hut meat lovers,PT. Sarimelati kencana Tbk,1 g,210.0,8.0,17.0,12.0,2.0,0.0,1.0,9.77,13.33,5.23,17.91,0.0,0.0,0.0,14.0,0.0,10.0,18.0,0.0,45
starbucks chocolate croissant,Tidak Diketahui,2 g,340.0,5.0,38.0,20.0,13.0,0.0,2.0,15.81,8.33,11.69,29.85,0.0,0.0,0.0,0.0,12.0,16.0,30.0,0.0,33
mie gaga goreng lada hitam,"PT. Jakarana tama, bogor",9 g,390.0,9.0,53.0,16.0,0.0,1150.0,0.0,18.14,15.0,16.31,23.88,76.67,0.0,77.0,0.0,0.0,19.0,24.0,0.0,35
spaghetti,Tidak Diketahui,2.10 g,139.0,7.4,22.6,2.1,0.0,0.0,0.0,6.47,12.33,6.95,3.13,0.0,0.0,0.0,0.0,0.0,0.0,0.0,0.0,74
eskrim walls feast vanila,PT. Andrawina Darma Manunggal Mulya,1 g,140.0,2.0,15.0,8.0,13.0,0.0,1.0,6.51,3.33,4.62,11.94,0.0,0.0,0.0,0.0,5.0,7.0,12.0,0.0,35
ham,Tidak Diketahui,5.80 g,384.0,16.9,0.3,35.0,0.0,112.0,0.0,17.86,28.17,0.09,52.24,7.47,0.0,0.0,0.0,0.0,0.0,0.0,0.0,30
es krim diamond durian,PT. Sukanda djaya,2 g,100.0,2.0,12.0,6.0,9.0,0.0,0.0,4.65,3.33,3.69,8.96,0.0,0.0,0.0,0.0,4.0,5.0,9.0,0.0,55
cold stone creamery oreo overload,Tidak Diketahui,1 g,910.0,12.0,115.0,49.0,92.0,0.0,1.0,42.33,20.0,35.38,73.13,0.0,0.0,0.0,0.0,36.0,43.0,74.0,0.0,20
kue thipan,Tidak Diketahui,0.40 g,247.0,2.9,49.5,4.2,0.0,95.0,0.0,11.49,4.83,15.23,6.27,6.33,0.0,0.0,0.0,0.0,0.0,0.0,0.0,16
dodol manado,Tidak Diketahui,1.20 g,373.0,4.3,51.9,16.5,0.0,35.0,0.4,17.35,7.17,15.97,24.63,2.33,0.0,0.0,0.0,0.0,0.0,0.0,0.0,27
ampas tahu kering,Tidak Diketahui,5.80 g,414.0,26.6,41.3,18.3,0.0,45.0,0.0,19.26,44.33,12.71,27.31,3.0,0.0,0.0,0.0,0.0,0.0,0.0,0.0,45
dairy queen hot fudge sundae,Tidak Diketahui,1 g,430.0,9.0,66.0,15.0,52.0,0.0,1.0,20.0,15.0,20.31,22.39,0.0,0.0,0.0,0.0,21.0,20.0,23.0,0.0,32
"tomat, air (sari), segar",Tidak Diketahui,1.30 g,20.0,1.0,3.5,0.2,0.0,10.0,0.4,0.93,1.67,1.08,0.3,0.67,0.0,0.0,0.0,0.0,0.0,0.0,0.0,30
promina sliky puding rasa strawberry,PT. Indofood CBP Sukses Makmur Tbk,1 g,110.0,1.0,19.0,3.0,11.0,12.0,0.0,5.12,1.67,5.85,4.48,0.8,0.0,0.0,0.0,6.0,6.0,5.0,0.0,58
kue ali,Tidak Diketahui,0.40 g,440.0,3.8,64.5,18.5,0.0,0.0,0.3,20.47,6.33,19.85,27.61,0.0,0.0,0.0,0.0,0.0,0.0,0.0,0.0,51
keripik gadung,Tidak Diketahui,2.80 g,446.0,2.8,76.0,14.5,0.0,0.0,1.7,20.74,4.67,23.38,21.64,0.0,0.0,0.0,0.0,0.0,0.0,0.0,0.0,26
"daun melinjo, segar",Tidak Diketahui,1.60 g,104.0,5.0,21.3,1.3,0.0,12.0,10.3,4.84,8.33,6.55,1.94,0.8,0.0,0.0,0.0,0.0,0.0,0.0,0.0,13
indofood saos tomat (135 ml),Tidak Diketahui,0 g,20.0,0.0,5.0,0.0,4.0,400.0,0.0,0.93,0.0,1.54,0.0,26.67,0.0,27.0,0.0,2.0,1.0,0.0,0.0,46
donat krispy kreme glazed chocolate cake,Tidak Diketahui,1 g,250.0,3.0,38.0,10.0,24.0,0.0,1.0,11.63,5.0,11.69,14.93,0.0,0.0,0.0,0.0,12.0,12.0,15.0,0.0,63
royco nasi goreng,PT. Unilever Indonesia,0 g,15.0,0.0,2.0,0.0,2.0,0.0,0.0,0.7,0.0,0.62,0.0,0.0,0.0,0.0,0.0,1.0,1.0,0.0,0.0,61
starbucks almond croissant,Tidak Diketahui,3 g,420.0,10.0,45.0,22.0,13.0,0.0,3.0,19.53,16.67,13.85,32.84,0.0,0.0,0.0,17.0,0.0,20.0,33.0,0.0,68
sari wangi teh hitam jahe & kunyit,PT. Agri Wangi Indonesia,0 g,0.0,0.0,0.0,0.0,0.0,10.0,0.0,0.0,0.0,0.0,0.0,0.67,0.0,1.0,0.0,0.0,0.0,0.0,0.0,34
mom miyuki go roa keripik pisang goroho (roa pedas),Tidak Diketahui,1 g,180.0,1.0,24.0,8.0,14.0,50.0,0.0,8.37,1.67,7.38,11.94,3.33,35.0,0.0,0.0,0.0,9.0,12.0,0.0,80
emping beras,Tidak Diketahui,1.90 g,403.0,10.6,85.3,2.2,0.0,1.0,0.2,18.74,17.67,26.25,3.28,0.07,0.0,0.0,0.0,0.0,0.0,0.0,0.0,68
tahu goreng,Tidak Diketahui,2 g,115.0,9.7,2.5,8.5,0.0,7.0,0.1,5.35,16.17,0.77,12.69,0.47,0.0,0.0,0.0,0.0,0.0,0.0,0.0,49
kopi kapal api grande white coffe,PT. Santos jaya abadi,1 g,90.0,1.0,17.0,2.0,12.0,0.0,1.0,4.19,1.67,5.23,2.99,0.0,0.0,0.0,0.0,6.0,5.0,0.0,4.0,26
kabuto,Tidak Diketahui,0.60 g,250.0,2.6,35.4,2.5,0.0,2.0,1.8,11.63,4.33,10.89,3.73,0.13,0.0,0.0,0.0,0.0,0.0,0.0,0.0,26
"bayam, sayur bayam, segar",Tidak Diketahui,1.30 g,16.0,0.9,2.9,0.4,0.0,16.0,0.7,0.74,1.5,0.89,0.6,1.07,0.0,0.0,0.0,0.0,0.0,0.0,0.0,54
nissin gekikara ramen rasa carbonara pedas,PT. NISSIN FOODS INDONESIA,7 g,350.0,7.0,53.0,12.0,0.0,1170.0,0.0,16.28,11.67,16.31,17.91,78.0,0.0,78.0,0.0,17.0,0.0,18.0,0.0,74
es krim diamond kacang hijau,PT. Sukanda djaya,4 g,220.0,4.0,12.0,11.0,8.0,0.0,0.0,10.23,6.67,3.69,16.42,0.0,0.0,0.0,7.0,0.0,11.0,17.0,0.0,28
outback steackhouse t-bone,Tidak Diketahui,79 g,910.0,79.0,4.0,64.0,0.0,0.0,0.0,42.33,131.67,1.23,95.52,0.0,0.0,0.0,132.0,0.0,43.0,96.0,0.0,24
cheesecake factory hot fudge sundae,Tidak Diketahui,6 g,1310.0,20.0,116.0,86.0,94.0,0.0,6.0,60.93,33.33,35.69,128.36,0.0,0.0,0.0,0.0,36.0,61.0,129.0,0.0,59
sarimuka,Tidak Diketahui,0.50 g,166.0,2.3,32.9,2.8,0.0,3.0,0.0,7.72,3.83,10.12,4.18,0.2,0.0,0.0,0.0,0.0,0.0,0.0,0.0,75
kopiko coffe candy,PT. Mayora Indah Tbk.,0 g,40.0,0.0,8.0,1.0,6.0,0.0,0.0,1.86,0.0,2.46,1.49,0.0,0.0,0.0,0.0,3.0,2.0,2.0,0.0,67
you c1000 vitamin orange,PT. Djojonegoro,0 g,80.0,0.0,20.0,0.0,20.0,0.0,0.0,3.72,0.0,6.15,0.0,0.0,0.0,0.0,0.0,7.0,4.0,0.0,0.0,68
pizza hut deluxe cheese,PT. Sarimelati kencana Tbk,3 g,380.0,16.0,37.0,19.0,1.0,0.0,3.0,17.67,26.67,11.38,28.36,0.0,0.0,0.0,27.0,0.0,18.0,29.0,0.0,58
tepung jalejo,Tidak Diketahui,2.30 g,347.0,19.0,61.2,7.5,0.0,3.0,5.8,16.14,31.67,18.83,11.19,0.2,0.0,0.0,0.0,0.0,0.0,0.0,0.0,14
"kacang arab, kering",Tidak Diketahui,3 g,330.0,23.8,60.2,1.4,0.0,24.0,17.4,15.35,39.67,18.52,2.09,1.6,0.0,0.0,0.0,0.0,0.0,0.0,0.0,27
yummy bites banana flavor,CV. KUSUMA FOOD INDONESIA,2 g,190.0,2.0,44.0,0.0,4.0,130.0,0.0,8.84,3.33,13.54,0.0,8.67,0.0,9.0,0.0,14.0,9.0,0.0,0.0,39
"oramu ninahu ndawa olaho, masakan",Tidak Diketahui,0.10 g,117.0,13.7,4.3,5.0,0.0,0.0,0.0,5.44,22.83,1.32,7.46,0.0,0.0,0.0,0.0,0.0,0.0,0.0,0.0,72
"ayam goreng church texas, paha",Tidak Diketahui,1.30 g,287.0,31.0,1.7,15.7,0.0,723.0,0.0,13.35,51.67,0.52,23.43,48.2,0.0,0.0,0.0,0.0,0.0,0.0,0.0,44
brem,Tidak Diketahui,0.90 g,249.0,3.4,58.0,0.4,0.0,0.0,0.0,11.58,5.67,17.85,0.6,0.0,0.0,0.0,0.0,0.0,0.0,0.0,0.0,24
kopiko 78'c coffe latte,PT. Mayora Indah Tbk.,4 g,160.0,4.0,28.0,3.0,24.0,0.0,0.0,7.44,6.67,8.62,4.48,0.0,0.0,0.0,7.0,9.0,8.0,0.0,0.0,20
sayur ndusuk,Tidak Diketahui,3.10 g,49.0,3.1,3.6,2.5,0.0,1011.0,0.0,2.28,5.17,1.11,3.73,67.4,0.0,0.0,0.0,0.0,0.0,0.0,0.0,43
hershey's spreads,Tidak Diketahui,1 g,190.0,3.0,20.0,12.0,19.0,50.0,1.0,8.84,5.0,6.15,17.91,3.33,0.0,0.0,0.0,7.0,9.0,18.0,0.0,39
gery saluut malkist double abon,PT.Garudafood Putra Putri Jaya,1 g,90.0,1.0,15.0,2.5,3.0,930.0,0.0,4.19,1.67,4.62,3.73,62.0,13.0,62.0,0.0,5.0,0.0,0.0,0.0,55
suweg kukus,Tidak Diketahui,1 g,93.0,1.5,21.9,0.1,0.0,6.0,0.9,4.33,2.5,6.74,0.15,0.4,0.0,0.0,0.0,0.0,0.0,0.0,0.0,30
"kentang hitam, segar",Tidak Diketahui,1 g,142.0,0.9,33.7,0.4,0.0,22.0,5.4,6.6,1.5,10.37,0.6,1.47,0.0,0.0,0.0,0.0,0.0,0.0,0.0,22
cangkuning,Tidak Diketahui,0.80 g,204.0,2.8,31.4,7.5,0.0,0.0,0.0,9.49,4.67,9.66,11.19,0.0,0.0,0.0,0.0,0.0,0.0,0.0,0.0,48
"daun tespong, segar",Tidak Diketahui,1.90 g,70.0,2.9,13.9,0.3,0.0,72.0,2.3,3.26,4.83,4.28,0.45,4.8,0.0,0.0,0.0,0.0,0.0,0.0,0.0,77
doritos barbeque,PT. Indofoodd fretolay makmur,2 g,100.0,2.0,13.0,4.5,1.0,0.0,0.0,4.65,3.33,4.0,6.72,0.0,0.0,0.0,0.0,4.0,5.0,7.0,0.0,31
"pelolah manuk, masakan",Tidak Diketahui,2.30 g,219.0,19.7,4.4,13.6,0.0,577.0,0.0,10.19,32.83,1.35,20.3,38.47,0.0,0.0,0.0,0.0,0.0,0.0,0.0,65
kopi bubuk instan,Tidak Diketahui,9.70 g,129.0,12.3,35.0,0.5,0.0,72.0,0.0,6.0,20.5,10.77,0.75,4.8,0.0,0.0,0.0,0.0,0.0,0.0,0.0,34
"beras jagung putih, kering, mentah",Tidak Diketahui,0.80 g,307.0,4.8,71.8,0.1,0.0,1.0,10.0,14.28,8.0,22.09,0.15,0.07,0.0,0.0,0.0,0.0,0.0,0.0,0.0,12
"telur bebek bagian putih, segar",Tidak Diketahui,0.20 g,54.0,11.0,0.8,0.0,0.0,184.0,0.0,2.51,18.33,0.25,0.0,12.27,0.0,0.0,0.0,0.0,0.0,0.0,0.0,44
"makaroni, mentah",Tidak Diketahui,2.50 g,353.0,8.7,78.7,0.4,0.0,5.0,4.9,16.42,14.5,24.22,0.6,0.33,0.0,0.0,0.0,0.0,0.0,0.0,0.0,60
buavita orange,"PT. Ultrajaya Milk Industry, Tbk",0.50 g,120.0,0.0,28.0,0.0,23.0,0.0,0.5,5.58,0.0,8.62,0.0,0.0,0.0,0.0,0.0,9.0,6.0,0.0,2.0,28
"sop buntut, masakan",Tidak Diketahui,0.60 g,71.0,7.5,2.2,3.6,0.0,490.0,0.0,3.3,12.5,0.68,5.37,32.67,0.0,0.0,0.0,0.0,0.0,0.0,0.0,73
"kacang hijau, kering",Tidak Diketahui,3.30 g,323.0,22.9,56.8,1.5,0.0,42.0,7.5,15.02,38.17,17.48,2.24,2.8,0.0,0.0,0.0,0.0,0.0,0.0,0.0,25
mi sedaap cup mi goreng,PT. Prakarsa Alam Segar,7 g,390.0,6.0,52.0,18.0,5.0,0.0,7.0,18.14,10.0,16.0,26.87,0.0,0.0,0.0,0.0,0.0,19.0,27.0,24.0,78
outback steackhouse new york strip,Tidak Diketahui,63 g,810.0,63.0,0.0,62.0,0.0,0.0,0.0,37.67,105.0,0.0,92.54,0.0,0.0,0.0,105.0,0.0,38.0,93.0,0.0,48
permen xylitol blueberry mint,Tidak Diketahui,0 g,10.0,0.0,2.0,0.0,0.0,0.0,0.0,0.47,0.0,0.62,0.0,0.0,0.0,0.0,0.0,1.0,1.0,0.0,0.0,47
"kacang kincai, kering",Tidak Diketahui,4.90 g,444.0,19.9,55.0,16.0,0.0,0.0,0.0,20.65,33.17,16.92,23.88,0.0,0.0,0.0,0.0,0.0,0.0,0.0,0.0,32
susu wrp lose weight stroberi,PT.Nutrifood indonesia,2 g,220.0,14.0,25.0,6.0,21.0,0.0,2.0,10.23,23.33,7.69,8.96,0.0,0.0,0.0,24.0,0.0,11.0,9.0,0.0,55
"daun kasbi/singkong karet, segar",Tidak Diketahui,1.20 g,92.0,4.0,10.9,3.6,0.0,70.0,5.8,4.28,6.67,3.35,5.37,4.67,0.0,0.0,0.0,0.0,0.0,0.0,0.0,17
kacang marah tua,Tidak Diketahui,6.20 g,280.0,16.7,63.2,1.6,0.0,19.0,4.6,13.02,27.83,19.45,2.39,1.27,0.0,0.0,0.0,0.0,0.0,0.0,0.0,64
nissin gekikara ramen rasa ayam pedas,PT. NISSIN FOODS INDONESIA,7 g,360.0,7.0,52.0,14.0,0.0,1030.0,0.0,16.74,11.67,16.0,20.9,68.67,0.0,69.0,0.0,0.0,17.0,21.0,0.0,29
widaran,Tidak Diketahui,0.30 g,424.0,1.3,80.7,10.7,0.0,0.0,0.2,19.72,2.17,24.83,15.97,0.0,0.0,0.0,0.0,0.0,0.0,0.0,0.0,19
mr. bread roti tawar,PT. Mr. Bread Company,2.50 g,198.0,7.0,36.0,3.0,2.5,269.0,2.5,9.21,11.67,11.08,4.48,17.93,0.0,18.0,12.0,12.0,0.0,0.0,0.0,46
indomie mi goreng aceh,PT. Indofood CBP Sukses Makmur Tbk.,6 g,170.0,9.0,55.0,19.0,6.0,790.0,6.0,20.0,15.0,16.92,28.36,52.67,45.0,53.0,0.0,0.0,0.0,29.0,0.0,57
ichitan thailand milk tea,PT. Hon Chuan Indonesia,3 g,50.0,3.0,36.0,6.0,25.0,160.0,0.0,9.77,5.0,11.08,8.96,10.67,0.0,11.0,0.0,12.0,10.0,0.0,0.0,32
top coffee gula aren,PT.Wings food,1 g,20.0,1.0,18.0,2.5,14.0,35.0,0.0,4.65,1.67,5.54,3.73,2.33,0.0,0.0,0.0,6.0,5.0,4.0,0.0,65
sayur umbut kelapa,Tidak Diketahui,1.30 g,67.0,5.2,5.1,2.9,0.0,313.0,1.4,3.12,8.67,1.57,4.33,20.87,0.0,0.0,0.0,0.0,0.0,0.0,0.0,30
maggi magic lezat bumbu penyedap,PT. Fairpack Indonesia,1 g,5.0,1.0,1.0,0.0,0.0,970.0,0.0,0.23,1.67,0.31,0.0,64.67,0.0,65.0,2.0,1.0,0.0,0.0,0.0,13
good time cookies,Tidak Diketahui,1 g,50.0,2.0,21.0,6.0,10.0,220.0,1.0,6.51,3.33,6.46,8.96,14.67,20.0,15.0,0.0,0.0,0.0,9.0,0.0,55
beras parboiled,Tidak Diketahui,2.50 g,353.0,6.8,80.0,0.6,0.0,2.0,0.5,16.42,11.33,24.62,0.9,0.13,0.0,0.0,0.0,0.0,0.0,0.0,0.0,71
"nangka masak pohon, segar",Tidak Diketahui,2.70 g,106.0,1.2,27.6,0.3,0.0,2.0,3.7,4.93,2.0,8.49,0.45,0.13,0.0,0.0,0.0,0.0,0.0,0.0,0.0,54
"cucuru bayau, masakan",Tidak Diketahui,1.20 g,349.0,6.8,38.3,18.7,0.0,0.0,0.0,16.23,11.33,11.78,27.91,0.0,0.0,0.0,0.0,0.0,0.0,0.0,0.0,80
"kalio otak, masakan",Tidak Diketahui,1.40 g,157.0,8.1,11.4,8.8,0.0,604.0,0.0,7.3,13.5,3.51,13.13,40.27,0.0,0.0,0.0,0.0,0.0,0.0,0.0,69
heavenly blush greek yogurt,PT. Heavenly nutrition indonesia,3 g,170.0,6.0,16.0,9.0,9.0,0.0,3.0,7.91,10.0,4.92,13.43,0.0,0.0,0.0,10.0,0.0,0.0,14.0,10.0,58
biskuit meiji hello panda,PT. Indotrada utama,1 g,230.0,3.0,30.0,10.0,12.0,0.0,1.0,10.7,5.0,9.23,14.93,0.0,0.0,0.0,0.0,10.0,11.0,15.0,0.0,78
"telur bebek bagian kuning, segar",Tidak Diketahui,0.20 g,386.0,17.0,0.8,35.0,0.0,106.0,0.0,17.95,28.33,0.25,52.24,7.07,0.0,0.0,0.0,0.0,0.0,0.0,0.0,62
prosana proffle biskuit waffle tinggi protein,PT.Kreasi Inovasi Prosana,0 g,20.0,5.0,12.0,2.0,2.0,65.0,0.0,3.72,8.33,3.69,2.99,4.33,5.0,5.0,9.0,0.0,0.0,0.0,0.0,46
donat krispy kreme original glazed,Tidak Diketahui,1 g,190.0,3.0,21.0,11.0,10.0,0.0,1.0,8.84,5.0,6.46,16.42,0.0,0.0,0.0,0.0,7.0,9.0,17.0,0.0,60
pisang tujuh bulan,Tidak Diketahui,0.80 g,94.0,0.6,22.5,0.2,0.0,0.0,3.7,4.37,1.0,6.92,0.3,0.0,0.0,0.0,0.0,0.0,0.0,0.0,0.0,17
nutrisari jeju orange,PT.Nutrifood indonesia,0 g,60.0,0.0,14.0,0.0,11.0,0.0,0.0,2.79,0.0,4.31,0.0,0.0,0.0,0.0,0.0,5.0,3.0,0.0,0.0,19
biskuit,Tidak Diketahui,1.40 g,458.0,6.9,75.1,14.4,0.0,241.0,2.1,21.3,11.5,23.11,21.49,16.07,0.0,0.0,0.0,0.0,0.0,0.0,0.0,80
mie sagu,Tidak Diketahui,0.10 g,190.0,0.2,46.5,0.4,0.0,10.0,1.4,8.84,0.33,14.31,0.6,0.67,0.0,0.0,0.0,0.0,0.0,0.0,0.0,69
tempe gembus p3g,Tidak Diketahui,0.80 g,73.0,5.7,10.3,1.3,0.0,0.0,4.2,3.4,9.5,3.17,1.94,0.0,0.0,0.0,0.0,0.0,0.0,0.0,0.0,28
abc sari kacang hijau,PT. ABC Heinz Indonesia,2 g,160.0,2.0,36.0,0.0,0.0,0.0,0.0,7.44,3.33,11.08,0.0,0.0,0.0,0.0,4.0,12.0,8.0,0.0,0.0,16
kue putu cangkir,Tidak Diketahui,0.20 g,304.0,5.3,54.9,7.0,0.0,0.0,0.9,14.14,8.83,16.89,10.45,0.0,0.0,0.0,0.0,0.0,0.0,0.0,0.0,11
indofood sambal pedas dahsyat (135 ml),Tidak Diketahui,0 g,25.0,0.0,5.0,0.0,4.0,270.0,0.0,1.16,0.0,1.54,0.0,18.0,0.0,18.0,0.0,2.0,2.0,0.0,0.0,25
"daun jonghe, segar",Tidak Diketahui,1.40 g,27.0,2.1,4.4,0.7,0.0,0.0,2.0,1.26,3.5,1.35,1.04,0.0,0.0,0.0,0.0,0.0,0.0,0.0,0.0,71
gatot,Tidak Diketahui,1.40 g,347.0,1.3,83.8,0.7,0.0,28.0,5.8,16.14,2.17,25.78,1.04,1.87,0.0,0.0,0.0,0.0,0.0,0.0,0.0,68
sosis kanzler german bratwurst,Tidak Diketahui,0 g,150.0,0.0,0.0,12.0,0.0,435.0,0.0,6.98,0.0,0.0,17.91,29.0,0.0,29.0,0.0,0.0,0.0,18.0,0.0,66
teh botol sosro less sugar,PT.Sinar Sosro,0 g,90.0,0.0,22.0,0.0,22.0,0.0,0.0,4.19,0.0,6.77,0.0,0.0,0.0,0.0,0.0,7.0,5.0,0.0,0.0,58
cassavastick,Tidak Diketahui,2.70 g,460.0,0.8,17.2,18.7,0.0,0.0,1.6,21.4,1.33,5.29,27.91,0.0,0.0,0.0,0.0,0.0,0.0,0.0,0.0,73
"sate, penyu, masakan",Tidak Diketahui,3.30 g,179.0,22.5,13.3,3.5,0.0,0.0,0.0,8.33,37.5,4.09,5.22,0.0,0.0,0.0,0.0,0.0,0.0,0.0,0.0,62
chitato maxx spicy mexican chili flavor,PT. Indofood Fritolay Makmur,1 g,50.0,1.0,12.0,6.0,1.0,90.0,0.0,5.12,1.67,3.69,8.96,6.0,13.0,6.0,0.0,0.0,0.0,9.0,0.0,38
nasi / nasi putih,Tidak Diketahui,0.20 g,180.0,3.0,39.8,0.3,0.0,1.0,0.2,8.37,5.0,12.25,0.45,0.07,0.0,0.0,0.0,0.0,0.0,0.0,0.0,32
"jampang huma, mentah",Tidak Diketahui,2.50 g,350.0,6.3,78.2,1.4,0.0,53.0,1.7,16.28,10.5,24.06,2.09,3.53,0.0,0.0,0.0,0.0,0.0,0.0,0.0,72
better sandwich biscuit,PT. Mayora Indah Tbk.,1 g,60.0,2.0,18.0,7.0,9.0,75.0,1.0,6.51,3.33,5.54,10.45,5.0,0.0,0.0,0.0,6.0,7.0,11.0,0.0,16
starbucks cappuccino (nonfat milk),Tidak Diketahui,8 g,80.0,8.0,12.0,0.0,0.0,0.0,0.0,3.72,13.33,3.69,0.0,0.0,0.0,0.0,14.0,4.0,4.0,0.0,0.0,43
coca cola zero sugar,Tidak Diketahui,0 g,0.0,0.0,0.0,0.0,0.0,0.0,0.0,0.0,0.0,0.0,0.0,0.0,0.0,0.0,0.0,0.0,0.0,0.0,0.0,30
"umbi uwi, segar",Tidak Diketahui,0.90 g,120.0,2.8,82.3,0.5,0.0,12.0,2.6,5.58,4.67,25.32,0.75,0.8,0.0,0.0,0.0,0.0,0.0,0.0,0.0,31
tempe gembus yogya,Tidak Diketahui,1.10 g,76.0,6.8,10.6,0.7,0.0,0.0,5.3,3.53,11.33,3.26,1.04,0.0,0.0,0.0,0.0,0.0,0.0,0.0,0.0,36
oreo dutch cocoa wafer,PT. Unggul Indo Modern Sejahtera,2 g,50.0,1.0,17.0,6.0,9.0,50.0,2.0,6.05,1.67,5.23,8.96,3.33,15.0,0.0,0.0,0.0,0.0,9.0,7.0,78
starbucks hot caffe mocha (whole milk),Tidak Diketahui,13 g,330.0,13.0,42.0,12.0,0.0,0.0,0.0,15.35,21.67,12.92,17.91,0.0,0.0,0.0,22.0,0.0,16.0,18.0,0.0,20
yogurt greek heavenly blush strawberrt,PT. Heavenly nutrition indonesia,4 g,170.0,5.0,18.0,9.0,10.0,45.0,4.0,7.91,8.33,5.54,13.43,3.0,0.0,0.0,9.0,0.0,0.0,14.0,14.0,79
monde boromon wafers rasa strawberry susu,PT. Monde Mahkota Biskuit,2 g,60.0,1.0,17.0,6.0,7.0,35.0,2.0,6.05,1.67,5.23,8.96,2.33,18.0,0.0,0.0,0.0,0.0,9.0,7.0,10
ceriping getuk singkong,Tidak Diketahui,3.20 g,462.0,1.2,67.7,20.7,0.0,0.0,0.6,21.49,2.0,20.83,30.9,0.0,0.0,0.0,0.0,0.0,0.0,0.0,0.0,70
"matoa, segar",Tidak Diketahui,1.10 g,90.0,1.2,21.1,0.1,0.0,10.0,0.5,4.19,2.0,6.49,0.15,0.67,0.0,0.0,0.0,0.0,0.0,0.0,0.0,55
bayam kukus,Tidak Diketahui,1.60 g,30.0,1.3,5.8,0.7,0.0,15.0,1.2,1.4,2.17,1.78,1.04,1.0,0.0,0.0,0.0,0.0,0.0,0.0,0.0,31
"telur bebek albino, segar",Tidak Diketahui,1 g,187.0,11.8,3.0,14.2,0.0,115.0,0.0,8.7,19.67,0.92,21.19,7.67,0.0,0.0,0.0,0.0,0.0,0.0,0.0,43
mie pangsit basah,Tidak Diketahui,0.70 g,105.0,5.9,9.4,4.9,0.0,530.0,0.0,4.88,9.83,2.89,7.31,35.33,0.0,0.0,0.0,0.0,0.0,0.0,0.0,68
frisian flag california strawberry low fat,PT. Frisian Flag Indonesia,7 g,150.0,7.0,24.0,2.5,22.0,125.0,0.0,6.98,11.67,7.38,3.73,8.33,0.0,9.0,12.0,8.0,0.0,0.0,0.0,76
hilo platinum swiss chocolate flavour,PT. Nutrifood Indonesia,8 g,130.0,8.0,21.0,2.0,0.0,150.0,0.0,6.05,13.33,6.46,2.99,10.0,0.0,10.0,14.0,7.0,0.0,0.0,0.0,17
ikan hiu kering,Tidak Diketahui,6.80 g,298.0,46.3,20.2,3.6,0.0,957.0,0.0,13.86,77.17,6.22,5.37,63.8,0.0,0.0,0.0,0.0,0.0,0.0,0.0,80
frisian flag gold (kental manis),PT. Frisian Flag Indonesia,3 g,130.0,3.0,22.0,3.5,21.0,0.0,0.0,6.05,5.0,6.77,5.22,0.0,0.0,0.0,0.0,7.0,7.0,6.0,0.0,20
"gandaria masak, segar",Tidak Diketahui,0.40 g,68.0,0.7,18.0,0.1,0.0,3.0,2.2,3.16,1.17,5.54,0.15,0.2,0.0,0.0,0.0,0.0,0.0,0.0,0.0,40
teh kotak rasa blackcurrant,"PT. Ultrajaya Milk Industry & Trading CO.,Tbk",0 g,100.0,0.0,24.0,0.0,21.0,50.0,0.0,4.65,0.0,7.38,0.0,3.33,0.0,4.0,0.0,8.0,5.0,0.0,0.0,59
oishi snack sponge crunch chocolate,PT. Liwayway,0 g,45.0,1.0,11.0,5.0,5.0,20.0,0.0,4.19,1.67,3.38,7.46,1.33,0.0,0.0,0.0,4.0,5.0,8.0,0.0,64
kfc extra crispy paha atas,PT. Fast food indonesia,22 g,330.0,22.0,9.0,23.0,0.0,0.0,0.0,15.35,36.67,2.77,34.33,0.0,0.0,0.0,37.0,0.0,16.0,35.0,0.0,77
saladstop sea breeze,Tidak Diketahui,6.20 g,379.3,29.5,17.4,23.0,7.9,2032.3,6.2,17.64,49.17,5.35,34.33,135.49,0.0,136.0,50.0,0.0,0.0,35.0,0.0,43
butter cookies monde,PT. nissin biscuit indonesia,2 g,70.0,2.0,20.0,8.0,7.0,0.0,0.0,7.44,3.33,6.15,11.94,0.0,0.0,0.0,0.0,7.0,8.0,12.0,0.0,25
es krim wall's oreo cookies cream,PT. Andrawina Darma Manunggal Mulya,1 g,140.0,2.0,17.0,7.0,11.0,0.0,1.0,6.51,3.33,5.23,10.45,0.0,0.0,0.0,0.0,6.0,7.0,11.0,0.0,68
"naan maran sapi, masakan",Tidak Diketahui,7.90 g,478.0,38.3,5.1,33.9,0.0,220.0,0.0,22.23,63.83,1.57,50.6,14.67,0.0,0.0,0.0,0.0,0.0,0.0,0.0,23
nissin walens chocosoes,PT.Nissin Foods Indonesia,2 g,80.0,2.0,14.0,8.0,8.0,65.0,0.0,6.51,3.33,4.31,11.94,4.33,0.0,5.0,0.0,0.0,7.0,12.0,0.0,35
east bali cashews granola with rosella cinnamon,CV. Mente Bali Sejahtera,2.50 g,126.0,2.5,18.5,4.0,5.0,118.5,2.5,5.86,4.17,5.69,5.97,7.9,10.0,8.0,0.0,0.0,0.0,0.0,9.0,12
jasjus rasa anggur,PT.Alam Karunia Segar,0 g,25.0,0.0,6.0,0.0,5.0,15.0,0.0,1.16,0.0,1.85,0.0,1.0,0.0,1.0,0.0,2.0,2.0,0.0,0.0,22
"beras jagung kuning kering, mentah",Tidak Diketahui,0.90 g,358.0,5.5,82.7,0.1,0.0,1.0,10.0,16.65,9.17,25.45,0.15,0.07,0.0,0.0,0.0,0.0,0.0,0.0,0.0,29
indomie kari ayam,PT. Indofood CBP Sukses Makmur Tbk.,2 g,320.0,7.0,46.0,12.0,4.0,0.0,2.0,14.88,11.67,14.15,17.91,0.0,0.0,0.0,0.0,15.0,15.0,18.0,0.0,37
"ikan hiu, segar",Tidak Diketahui,1.10 g,57.0,10.7,2.2,0.3,0.0,0.0,0.0,2.65,17.83,0.68,0.45,0.0,0.0,0.0,0.0,0.0,0.0,0.0,0.0,37
"bebek albino, daging, segar",Tidak Diketahui,1 g,303.0,11.3,3.7,27.0,0.0,50.0,0.0,14.09,18.83,1.14,40.3,3.33,0.0,0.0,0.0,0.0,0.0,0.0,0.0,64
"jagung pipil var, harapan, mentah",Tidak Diketahui,1.20 g,367.0,6.2,76.2,5.1,0.0,1.0,2.6,17.07,10.33,23.45,7.61,0.07,0.0,0.0,0.0,0.0,0.0,0.0,0.0,23
starbucks iced caffe mocha (notfat milk),Tidak Diketahui,9 g,200.0,9.0,36.0,2.5,0.0,0.0,0.0,9.3,15.0,11.08,3.73,0.0,0.0,0.0,15.0,12.0,10.0,0.0,0.0,21
gadeng / gadung kering,Tidak Diketahui,0.20 g,322.0,2.4,76.6,0.6,0.0,5.0,0.0,14.98,4.0,23.57,0.9,0.33,0.0,0.0,0.0,0.0,0.0,0.0,0.0,19
sirup pirous,Tidak Diketahui,0.20 g,228.0,0.2,55.9,0.4,0.0,3.0,0.0,10.6,0.33,17.2,0.6,0.2,0.0,0.0,0.0,0.0,0.0,0.0,0.0,41
you c1000 vitamin apple,PT. Djojonegoro,0 g,60.0,0.0,14.0,0.0,14.0,0.0,0.0,2.79,0.0,4.31,0.0,0.0,0.0,0.0,0.0,5.0,3.0,0.0,0.0,25
"susu sapi, segar",Tidak Diketahui,0.70 g,61.0,3.2,4.3,3.5,0.0,36.0,0.0,2.84,5.33,1.32,5.22,2.4,0.0,0.0,0.0,0.0,0.0,0.0,0.0,15
roti gandum,Tidak Diketahui,4 g,267.0,10.72,48.68,3.24,5.91,508.0,4.0,12.42,17.87,14.98,4.84,33.87,0.0,34.0,18.0,0.0,0.0,0.0,0.0,43
ikan mujahir / mujair pepes,Tidak Diketahui,1 g,121.0,21.7,0.8,2.8,0.0,58.0,0.0,5.63,36.17,0.25,4.18,3.87,0.0,0.0,0.0,0.0,0.0,0.0,0.0,67
lilin bungkus gedi,Tidak Diketahui,1.90 g,79.0,2.3,5.8,5.2,0.0,170.0,2.5,3.67,3.83,1.78,7.76,11.33,0.0,0.0,0.0,0.0,0.0,0.0,0.0,77
mie celon,Tidak Diketahui,1.20 g,102.0,3.0,17.8,2.1,0.0,451.0,0.0,4.74,5.0,5.48,3.13,30.07,0.0,0.0,0.0,0.0,0.0,0.0,0.0,25
beef burger,Tidak Diketahui,2.20 g,258.0,10.6,32.5,9.5,0.0,572.0,0.4,12.0,17.67,10.0,14.18,38.13,0.0,0.0,0.0,0.0,0.0,0.0,0.0,78
"kelapa muda , daging, segar",Tidak Diketahui,0.80 g,68.0,1.0,14.0,0.9,0.0,17.9,0.0,3.16,1.67,4.31,1.34,1.19,0.0,0.0,0.0,0.0,0.0,0.0,0.0,46
walens choco soes,PT. nissin biscuit indonesia,2 g,140.0,2.0,14.0,8.0,0.0,0.0,0.0,6.51,3.33,4.31,11.94,0.0,0.0,0.0,0.0,5.0,7.0,12.0,0.0,27
kapurung,Tidak Diketahui,0.60 g,41.0,2.0,7.8,0.3,0.0,185.0,2.0,1.91,3.33,2.4,0.45,12.33,0.0,0.0,0.0,0.0,0.0,0.0,0.0,50
"daun kesum, segar",Tidak Diketahui,0.80 g,48.0,4.5,9.1,0.8,0.0,11.0,1.6,2.23,7.5,2.8,1.19,0.73,0.0,0.0,0.0,0.0,0.0,0.0,0.0,43
"ketela pohon / singkong, segar",Tidak Diketahui,0.50 g,154.0,1.0,36.8,0.3,0.0,2.0,0.9,7.16,1.67,11.32,0.45,0.13,0.0,0.0,0.0,0.0,0.0,0.0,0.0,70
teh melati daun kering,Tidak Diketahui,5.30 g,299.0,24.1,59.0,3.5,0.0,70.0,9.7,13.91,40.17,18.15,5.22,4.67,0.0,0.0,0.0,0.0,0.0,0.0,0.0,37
tony roma's potato skin,Tidak Diketahui,0 g,751.0,35.0,41.0,51.0,2.0,0.0,0.0,34.93,58.33,12.62,76.12,0.0,0.0,0.0,59.0,0.0,35.0,77.0,0.0,15
yogurt mixed berry,PT. Greenfield Indonesia,4 g,140.0,4.0,22.0,4.0,0.0,30.0,4.0,6.51,6.67,6.77,5.97,2.0,13.0,0.0,0.0,7.0,0.0,0.0,14.0,39
susu bear brand gold malt putih,PT. Nestle Indonesia,4 g,120.0,4.0,19.0,1.5,0.0,0.0,0.0,5.58,6.67,5.85,2.24,0.0,0.0,0.0,7.0,6.0,6.0,0.0,0.0,38
"pisang goroho, segar",Tidak Diketahui,1 g,119.0,1.5,27.9,0.2,0.0,36.0,4.6,5.53,2.5,8.58,0.3,2.4,0.0,0.0,0.0,0.0,0.0,0.0,0.0,52
"brokoli , matang",Tidak Diketahui,90.50 g,23.2,3.2,1.9,0.2,0.0,15.0,3.0,1.08,5.33,0.58,0.3,1.0,0.0,0.0,0.0,0.0,0.0,0.0,0.0,58
keripik oncom,Tidak Diketahui,2.20 g,598.0,8.3,42.6,43.8,0.0,0.0,3.3,27.81,13.83,13.11,65.37,0.0,0.0,0.0,0.0,0.0,0.0,0.0,0.0,20
tepung terigu,Tidak Diketahui,1 g,333.0,9.0,77.2,1.0,0.0,2.0,0.3,15.49,15.0,23.75,1.49,0.13,0.0,0.0,0.0,0.0,0.0,0.0,0.0,15
"kelapa muda,air, segar",Tidak Diketahui,0.40 g,17.0,0.2,3.8,0.1,0.0,1.0,0.0,0.79,0.33,1.17,0.15,0.07,0.0,0.0,0.0,0.0,0.0,0.0,0.0,45
richeese nabati wafer krim keju,Tidak Diketahui,0 g,40.0,0.0,6.0,1.5,0.0,30.0,0.0,1.86,0.0,1.85,2.24,2.0,0.0,2.0,0.0,0.0,2.0,3.0,0.0,67
dairy queen vanilla cone,Tidak Diketahui,0 g,330.0,9.0,52.0,9.0,36.0,0.0,0.0,15.35,15.0,16.0,13.43,0.0,0.0,0.0,15.0,16.0,16.0,0.0,0.0,55
kacang gude rebus,Tidak Diketahui,1.50 g,147.0,9.0,27.5,0.5,0.0,14.0,3.4,6.84,15.0,8.46,0.75,0.93,0.0,0.0,0.0,0.0,0.0,0.0,0.0,53
carman's bircher muesli,Tidak Diketahui,7.90 g,421.0,14.7,48.1,17.1,16.0,0.0,7.9,19.58,24.5,14.8,25.52,0.0,0.0,0.0,25.0,0.0,0.0,26.0,27.0,72
"ikan pomo, segar",Tidak Diketahui,1.40 g,147.0,22.5,2.6,5.2,0.0,0.0,0.0,6.84,37.5,0.8,7.76,0.0,0.0,0.0,0.0,0.0,0.0,0.0,0.0,39
"taoge, segar",Tidak Diketahui,0.40 g,34.0,3.7,4.3,1.2,0.0,19.0,1.1,1.58,6.17,1.32,1.79,1.27,0.0,0.0,0.0,0.0,0.0,0.0,0.0,21
nutrisari jus jambu,PT. Nutrifood Indonesia,0 g,60.0,0.0,13.0,1.5,12.0,0.0,0.0,2.79,0.0,4.0,2.24,0.0,0.0,0.0,0.0,4.0,3.0,3.0,0.0,21
ultra milk low fat source of calcium,"PT. Ultrajaya Milk Industry, Tbk",7 g,90.0,7.0,11.0,2.5,0.0,105.0,0.0,4.19,11.67,3.38,3.73,7.0,8.0,7.0,12.0,0.0,0.0,0.0,0.0,59
piattos sambal terasi flavor,PT. URC Indonesia,2 g,45.0,1.0,13.0,5.0,1.0,140.0,2.0,4.65,1.67,4.0,7.46,9.33,13.0,10.0,0.0,0.0,0.0,8.0,0.0,42
"bengkuang, segar",Tidak Diketahui,0.50 g,59.0,1.4,12.8,0.2,0.0,2.0,1.0,2.74,2.33,3.94,0.3,0.13,0.0,0.0,0.0,0.0,0.0,0.0,0.0,67
"umbut kelapa, segar",Tidak Diketahui,1.30 g,39.0,2.0,7.2,0.2,0.0,4.0,2.5,1.81,3.33,2.22,0.3,0.27,0.0,0.0,0.0,0.0,0.0,0.0,0.0,47
sarimi gelas rasa kari ayam,PT. Indofood CBP Sukses Makmur Tbk,2 g,70.0,8.0,16.0,8.0,1.0,1110.0,2.0,6.51,13.33,4.92,11.94,74.0,18.0,74.0,14.0,0.0,0.0,0.0,0.0,34
martabak india,Tidak Diketahui,1.20 g,153.0,4.5,24.3,4.2,0.0,240.0,0.0,7.12,7.5,7.48,6.27,16.0,0.0,0.0,0.0,0.0,0.0,0.0,0.0,16
wajit camilan,Tidak Diketahui,0.60 g,303.0,6.3,63.3,2.7,0.0,0.0,6.9,14.09,10.5,19.48,4.03,0.0,0.0,0.0,0.0,0.0,0.0,0.0,0.0,17
taro net,PT. Tiga Pilar Sejahtera Food Tbk,2 g,80.0,2.0,15.0,2.0,0.0,0.0,0.0,3.72,3.33,4.62,2.99,0.0,0.0,0.0,4.0,5.0,4.0,0.0,0.0,14
sayur umbut rotan,Tidak Diketahui,1.30 g,57.0,5.4,3.1,2.6,0.0,256.0,1.6,2.65,9.0,0.95,3.88,17.07,0.0,0.0,0.0,0.0,0.0,0.0,0.0,77
kakicak,Tidak Diketahui,0.90 g,296.0,3.4,36.7,15.1,0.0,0.0,0.0,13.77,5.67,11.29,22.54,0.0,0.0,0.0,0.0,0.0,0.0,0.0,0.0,46
yoforia berry smooth,PT. Prima Laktosa,4 g,130.0,4.0,24.0,2.0,20.0,0.0,0.0,6.05,6.67,7.38,2.99,0.0,0.0,0.0,7.0,8.0,7.0,0.0,0.0,23
nissin butter coconut biscuits,PT. Serena Indopangan Industri,2 g,100.0,1.0,14.0,5.0,4.0,55.0,2.0,4.65,1.67,4.31,7.46,3.67,0.0,0.0,0.0,0.0,5.0,8.0,7.0,68
herslim,Tidak Diketahui,2 g,10.0,13.0,13.0,1.5,2.0,120.0,2.0,5.58,21.67,4.0,2.24,8.0,0.0,8.0,22.0,0.0,0.0,0.0,7.0,75
indomie rasa kaldu ayam,PT. Indofood CBP Sukses Makmur Tbk.,4 g,110.0,6.0,50.0,12.0,0.0,980.0,4.0,15.81,10.0,15.38,17.91,65.33,45.0,66.0,0.0,0.0,0.0,18.0,0.0,30
papeda,Tidak Diketahui,0.10 g,61.0,0.2,14.9,0.1,0.0,4.0,0.5,2.84,0.33,4.58,0.15,0.27,0.0,0.0,0.0,0.0,0.0,0.0,0.0,71
"daun oyong, segar",Tidak Diketahui,0.60 g,22.0,1.0,5.3,0.1,0.0,40.0,0.0,1.02,1.67,1.63,0.15,2.67,0.0,0.0,0.0,0.0,0.0,0.0,0.0,25
the coffe bean & tea leaf pure chocolate ice blended drink,Tidak Diketahui,15 g,390.0,15.0,72.0,7.0,59.0,0.0,0.0,18.14,25.0,22.15,10.45,0.0,0.0,0.0,25.0,23.0,19.0,0.0,0.0,27
wrp everyday susu bubuk rasa choco hazelnut,Tidak Diketahui,5 g,110.0,5.0,21.0,1.0,0.0,35.0,0.0,5.12,8.33,6.46,1.49,2.33,0.0,0.0,9.0,7.0,6.0,0.0,0.0,27
ichi ocha,PT. Asahi Indofood Beverage Makmur,0 g,0.0,0.0,26.0,0.0,24.0,35.0,0.0,4.65,0.0,8.0,0.0,2.33,0.0,3.0,0.0,8.0,5.0,0.0,0.0,43
mr. p honey peanuts,PT. Mitrasatrya Perkasautama,7 g,150.0,7.0,5.0,12.0,3.0,0.0,0.0,6.98,11.67,1.54,17.91,0.0,0.0,0.0,12.0,0.0,7.0,18.0,0.0,71
suwir-suwir,Tidak Diketahui,1 g,347.0,0.5,84.2,0.9,0.0,0.0,0.8,16.14,0.83,25.91,1.34,0.0,0.0,0.0,0.0,0.0,0.0,0.0,0.0,67
"daun labu siam, segar",Tidak Diketahui,1.20 g,34.0,4.0,4.7,0.4,0.0,16.0,3.5,1.58,6.67,1.45,0.6,1.07,0.0,0.0,0.0,0.0,0.0,0.0,0.0,48
"uceng / bunga melinjo, segar",Tidak Diketahui,1.70 g,82.0,5.8,11.7,1.3,0.0,0.0,4.8,3.81,9.67,3.6,1.94,0.0,0.0,0.0,0.0,0.0,0.0,0.0,0.0,29
golden farm mixed vegetable,PT. Sukanda djaya,3 g,70.0,3.0,14.0,1.0,4.0,0.0,0.0,3.26,5.0,4.31,1.49,0.0,0.0,0.0,5.0,5.0,4.0,0.0,0.0,10
kue pelita,Tidak Diketahui,0.60 g,141.0,5.3,17.6,5.5,0.0,0.0,0.0,6.56,8.83,5.42,8.21,0.0,0.0,0.0,0.0,0.0,0.0,0.0,0.0,33
dairy queen chocolate dipped cone,Tidak Diketahui,1 g,460.0,9.0,59.0,22.0,43.0,0.0,1.0,21.4,15.0,18.15,32.84,0.0,0.0,0.0,0.0,19.0,22.0,33.0,0.0,68
"jeruk banjar, segar",Tidak Diketahui,0.40 g,61.0,0.8,14.1,0.2,0.0,3.0,5.4,2.84,1.33,4.34,0.3,0.2,0.0,0.0,0.0,0.0,0.0,0.0,0.0,41
"daun labu wuluh/kuning, segar",Tidak Diketahui,1.60 g,34.0,3.6,4.5,0.6,0.0,16.0,2.9,1.58,6.0,1.38,0.9,1.07,0.0,0.0,0.0,0.0,0.0,0.0,0.0,44
"ikan mayong, segar",Tidak Diketahui,1.50 g,97.0,17.9,0.4,2.0,0.0,0.0,0.0,4.51,29.83,0.12,2.99,0.0,0.0,0.0,0.0,0.0,0.0,0.0,0.0,11
"ikan tarmon, segar",Tidak Diketahui,0.80 g,96.0,19.5,2.0,1.1,0.0,43.0,0.0,4.47,32.5,0.62,1.64,2.87,0.0,0.0,0.0,0.0,0.0,0.0,0.0,31
"soto jeroan, masakan",Tidak Diketahui,1.10 g,92.0,11.8,1.4,4.3,0.0,363.0,0.0,4.28,19.67,0.43,6.42,24.2,0.0,0.0,0.0,0.0,0.0,0.0,0.0,50
"tedong pallu basa, masakan",Tidak Diketahui,1.70 g,83.0,10.4,2.8,3.4,0.0,397.0,0.0,3.86,17.33,0.86,5.07,26.47,0.0,0.0,0.0,0.0,0.0,0.0,0.0,36
tepung ganyong,Tidak Diketahui,0.30 g,353.0,0.8,83.6,1.7,0.0,3.0,0.7,16.42,1.33,25.72,2.54,0.2,0.0,0.0,0.0,0.0,0.0,0.0,0.0,68
umbut rotan,Tidak Diketahui,1.30 g,34.0,2.4,5.5,0.3,0.0,8.0,2.2,1.58,4.0,1.69,0.45,0.53,0.0,0.0,0.0,0.0,0.0,0.0,0.0,71
"beras ladang, mentah",Tidak Diketahui,0.90 g,376.0,7.5,78.0,3.8,0.0,10.0,5.9,17.49,12.5,24.0,5.67,0.67,0.0,0.0,0.0,0.0,0.0,0.0,0.0,47
yogurt frozen pinkberry (kecil),Tidak Diketahui,0 g,150.0,6.0,31.0,0.0,30.0,0.0,0.0,6.98,10.0,9.54,0.0,0.0,0.0,0.0,10.0,10.0,7.0,0.0,0.0,76
golden farm corn kernel,PT. Sukanda djaya,3 g,70.0,3.0,14.0,1.0,3.0,0.0,0.0,3.26,5.0,4.31,1.49,0.0,0.0,0.0,5.0,5.0,4.0,0.0,0.0,62
"pempek telur, masakan",Tidak Diketahui,1.90 g,156.0,4.7,28.3,2.7,0.0,448.0,0.0,7.26,7.83,8.71,4.03,29.87,0.0,0.0,0.0,0.0,0.0,0.0,0.0,21
nutrisari florida orange,PT.Nutrifood indonesia,0 g,50.0,0.0,13.0,0.0,11.0,0.0,0.0,2.33,0.0,4.0,0.0,0.0,0.0,0.0,0.0,4.0,3.0,0.0,0.0,15
nutriboost rasa kopi,PT. Coca Cola Amatil,3 g,30.0,3.0,19.0,3.0,14.0,100.0,0.0,5.58,5.0,5.85,4.48,6.67,13.0,7.0,0.0,6.0,0.0,0.0,0.0,67
ultra sari kacang ijo,"PT. Ultrajaya Milk Industry, Tbk",2 g,90.0,2.0,22.0,0.0,0.0,0.0,0.0,4.19,3.33,6.77,0.0,0.0,0.0,0.0,4.0,7.0,5.0,0.0,0.0,23
quinoa,Tidak Diketahui,4.40 g,120.0,4.4,21.3,1.92,0.0,0.0,0.0,5.58,7.33,6.55,2.87,0.0,0.0,0.0,0.0,0.0,0.0,0.0,0.0,58
kacang tolo rebus,Tidak Diketahui,1.20 g,138.0,10.7,22.6,1.1,0.0,13.0,0.9,6.42,17.83,6.95,1.64,0.87,0.0,0.0,0.0,0.0,0.0,0.0,0.0,25
"lamtoro biji muda, segar",Tidak Diketahui,1.20 g,85.0,5.7,15.4,0.3,0.0,35.0,10.8,3.95,9.5,4.74,0.45,2.33,0.0,0.0,0.0,0.0,0.0,0.0,0.0,45
roma malkist,PT. Mayora Indah Tbk.,2 g,120.0,2.0,19.0,4.5,3.0,0.0,0.0,5.58,3.33,5.85,6.72,0.0,0.0,0.0,0.0,6.0,6.0,7.0,0.0,27
tahu bakso,Tidak Diketahui,2.40 g,231.0,11.8,21.4,12.2,1.2,378.0,2.4,10.74,19.67,6.58,18.21,25.2,0.0,26.0,20.0,0.0,0.0,19.0,0.0,49
sonice bakso kuah sapi,PT. So Good Food Manufacturing,8 g,160.0,8.0,20.0,5.0,0.0,0.0,0.0,7.44,13.33,6.15,7.46,0.0,0.0,0.0,14.0,0.0,8.0,8.0,0.0,70
"ayam goreng church texas, dada",Tidak Diketahui,1.50 g,338.0,35.2,0.4,20.6,0.0,800.0,0.0,15.72,58.67,0.12,30.75,53.33,0.0,0.0,0.0,0.0,0.0,0.0,0.0,58
saladstop tingtong,Tidak Diketahui,13.50 g,843.4,30.6,83.3,46.2,14.5,1004.6,13.5,39.23,51.0,25.63,68.96,66.97,0.0,67.0,51.0,0.0,0.0,69.0,0.0,39
takwa,Tidak Diketahui,1.60 g,148.0,13.8,4.0,8.5,0.0,3.0,0.0,6.88,23.0,1.23,12.69,0.2,0.0,0.0,0.0,0.0,0.0,0.0,0.0,63
monde boromon cookies original flavor,PT. Monde Mahkota Biskuit,0 g,80.0,0.0,18.0,0.0,0.0,10.0,0.0,3.72,0.0,5.54,0.0,0.67,0.0,1.0,0.0,6.0,4.0,0.0,0.0,80
keju lemnos grated parmesan,Tidak Diketahui,0 g,38.0,3.3,1.0,5.6,1.0,0.0,0.0,1.77,5.5,0.31,8.36,0.0,0.0,0.0,6.0,0.0,2.0,9.0,0.0,71
good day mocacinno,PT. Santos jaya abadi,1 g,20.0,1.0,16.0,2.0,13.0,10.0,1.0,4.19,1.67,4.92,2.99,0.67,10.0,0.0,0.0,5.0,5.0,0.0,0.0,71
kacang garuda roste kacang panggang,PT. GARUDAFOOD PUTRI JAYA,5 g,130.0,5.0,16.0,5.0,0.0,115.0,0.0,6.05,8.33,4.92,7.46,7.67,0.0,8.0,9.0,0.0,0.0,8.0,0.0,56
tepung tales banten,Tidak Diketahui,5.50 g,332.0,5.7,76.1,0.6,0.0,7.0,12.2,15.44,9.5,23.42,0.9,0.47,0.0,0.0,0.0,0.0,0.0,0.0,0.0,33
coklat toblerone,PT. Nirwana Lestari,1 g,130.0,1.0,15.0,7.0,15.0,0.0,0.0,6.05,1.67,4.62,10.45,0.0,0.0,0.0,0.0,5.0,7.0,11.0,0.0,55
es krim walls cappuccino,Tidak Diketahui,1 g,70.0,1.0,19.0,8.0,10.0,15.0,1.0,6.98,1.67,5.85,11.94,1.0,30.0,0.0,0.0,0.0,7.0,12.0,0.0,12
cashew,Tidak Diketahui,3.30 g,553.0,18.22,30.19,43.85,0.0,0.0,3.3,25.72,30.37,9.29,65.45,0.0,0.0,0.0,0.0,0.0,0.0,0.0,0.0,11
"kucai muda (lokio), segar",Tidak Diketahui,1.80 g,42.0,3.8,7.8,0.6,0.0,22.0,4.9,1.95,6.33,2.4,0.9,1.47,0.0,0.0,0.0,0.0,0.0,0.0,0.0,29
"susu kuda, segar",Tidak Diketahui,0.40 g,40.0,2.0,5.4,1.1,0.0,0.0,0.0,1.86,3.33,1.66,1.64,0.0,0.0,0.0,0.0,0.0,0.0,0.0,0.0,73
eskrim cornetto oreo,PT. Andrawina Darma Manunggal Mulya,2 g,240.0,2.0,33.0,11.0,20.0,0.0,2.0,11.16,3.33,10.15,16.42,0.0,0.0,0.0,0.0,11.0,12.0,17.0,0.0,62
keripik qtela ubi ungu,PT. Indofood CBP Sukses Makmur Tbk.,0 g,100.0,0.0,14.0,5.0,3.0,0.0,0.0,4.65,0.0,4.31,7.46,0.0,0.0,0.0,0.0,5.0,5.0,8.0,0.0,20
"anak sapi, daging,sedang,segar",Tidak Diketahui,0.90 g,190.0,19.1,0.0,12.0,0.0,99.0,0.0,8.84,31.83,0.0,17.91,6.6,0.0,0.0,0.0,0.0,0.0,0.0,0.0,21
susu bear brand gold teh putih,PT. Nestle Indonesia,4 g,70.0,4.0,10.0,2.0,0.0,0.0,0.0,3.26,6.67,3.08,2.99,0.0,0.0,0.0,7.0,4.0,4.0,0.0,0.0,76
es teh tawar,Tidak Diketahui,0.02 g,2.0,0.02,0.67,0.0,0.0,0.0,0.0,0.09,0.03,0.21,0.0,0.0,0.0,0.0,1.0,1.0,1.0,0.0,0.0,20
susu tango kido rasa banana pudding,Tidak Diketahui,10 g,90.0,10.0,15.0,2.5,0.0,140.0,0.0,4.19,16.67,4.62,3.73,9.33,0.0,10.0,17.0,5.0,0.0,0.0,0.0,30
biskuit wrp everyday chocolate chip,PT.Nutrifood indonesia,2 g,100.0,1.0,11.0,5.0,0.0,0.0,2.0,4.65,1.67,3.38,7.46,0.0,0.0,0.0,0.0,0.0,5.0,8.0,7.0,30
ampas tahu mentah,Tidak Diketahui,0.60 g,67.0,5.0,8.1,2.1,0.0,8.0,4.1,3.12,8.33,2.49,3.13,0.53,0.0,0.0,0.0,0.0,0.0,0.0,0.0,77
"anyang, sayur",Tidak Diketahui,1.50 g,126.0,3.4,10.3,7.9,0.0,290.0,5.4,5.86,5.67,3.17,11.79,19.33,0.0,0.0,0.0,0.0,0.0,0.0,0.0,48
"ikan banjar, segar",Tidak Diketahui,1.40 g,111.0,19.4,4.8,0.9,0.0,99.0,0.0,5.16,32.33,1.48,1.34,6.6,0.0,0.0,0.0,0.0,0.0,0.0,0.0,34
misoa,Tidak Diketahui,1.30 g,345.0,8.5,78.0,2.2,0.0,3064.0,0.5,16.05,14.17,24.0,3.28,204.27,0.0,0.0,0.0,0.0,0.0,0.0,0.0,48
"ares,sayur",Tidak Diketahui,3 g,113.0,0.9,11.2,7.2,0.0,1413.0,4.7,5.26,1.5,3.45,10.75,94.2,0.0,0.0,0.0,0.0,0.0,0.0,0.0,29
biskuit lotte choco pie,PT. Lotte Indonesia,1 g,120.0,1.0,19.0,4.5,10.0,0.0,0.0,5.58,1.67,5.85,6.72,0.0,0.0,0.0,0.0,6.0,6.0,7.0,0.0,15
srikaya ketan,Tidak Diketahui,0.80 g,265.0,2.7,49.1,6.4,0.0,0.0,0.0,12.33,4.5,15.11,9.55,0.0,0.0,0.0,0.0,0.0,0.0,0.0,0.0,78
dairy queen oreo cookie blizzard,Tidak Diketahui,1 g,780.0,15.0,117.0,29.0,84.0,0.0,1.0,36.28,25.0,36.0,43.28,0.0,0.0,0.0,0.0,36.0,37.0,44.0,0.0,72
puffies soes crunchy cheese,Tidak Diketahui,1 g,30.0,2.0,6.0,6.0,0.0,120.0,1.0,4.19,3.33,1.85,8.96,8.0,25.0,8.0,0.0,0.0,0.0,9.0,0.0,72
pocky double choco,PT. Glico Indonesia,4 g,240.0,4.0,29.0,12.0,9.0,0.0,0.0,11.16,6.67,8.92,17.91,0.0,0.0,0.0,0.0,9.0,12.0,18.0,0.0,13
mie sedap instan kari spesial,Tidak Diketahui,3 g,130.0,8.0,47.0,14.0,3.0,1060.0,3.0,16.28,13.33,14.46,20.9,70.67,0.0,71.0,0.0,0.0,0.0,0.0,0.0,34
jasjus rasa lemon,PT. Karunia Alam Segar,0 g,25.0,0.0,6.0,0.0,5.0,15.0,0.0,1.16,0.0,1.85,0.0,1.0,0.0,1.0,0.0,2.0,2.0,0.0,0.0,29
"telur ayam kampung, segar",Tidak Diketahui,0.90 g,174.0,10.8,1.2,14.0,0.0,190.0,0.0,8.09,18.0,0.37,20.9,12.67,0.0,0.0,0.0,0.0,0.0,0.0,0.0,22
sagu rendang,Tidak Diketahui,1 g,364.0,0.1,90.5,0.2,0.0,42.0,1.9,16.93,0.17,27.85,0.3,2.8,0.0,0.0,0.0,0.0,0.0,0.0,0.0,61
silverqueen crispy with milk chocolate,PT. Perusahaan Industri Ceres,4 g,170.0,4.0,15.0,10.0,11.0,35.0,0.0,7.91,6.67,4.62,14.93,2.33,0.0,0.0,7.0,0.0,8.0,15.0,0.0,28
sukun tua,Tidak Diketahui,1 g,126.0,1.6,24.5,0.2,0.0,25.0,1.5,5.86,2.67,7.54,0.3,1.67,0.0,0.0,0.0,0.0,0.0,0.0,0.0,45
"kacang belimbing (kecipir), kering",Tidak Diketahui,4.20 g,400.0,34.4,34.1,16.9,0.0,37.0,10.7,18.6,57.33,10.49,25.22,2.47,0.0,0.0,0.0,0.0,0.0,0.0,0.0,35
lapis legit,Tidak Diketahui,0.90 g,389.0,6.6,55.5,15.7,0.0,0.0,0.5,18.09,11.0,17.08,23.43,0.0,0.0,0.0,0.0,0.0,0.0,0.0,0.0,74
"wijen,mentah",Tidak Diketahui,5.80 g,568.0,19.3,18.1,51.1,0.0,18.0,3.6,26.42,32.17,5.57,76.27,1.2,0.0,0.0,0.0,0.0,0.0,0.0,0.0,38
susu ultra milk rasa stroberi,"PT. Ultrajaya Milk Industry, Tbk",6 g,30.0,6.0,22.0,3.5,17.0,50.0,0.0,6.51,10.0,6.77,5.22,3.33,13.0,0.0,10.0,0.0,0.0,0.0,0.0,69
agar-agar double swallow sun,Tidak Diketahui,6 g,25.0,0.0,6.0,0.0,0.0,10.0,6.0,1.16,0.0,1.85,0.0,0.67,0.0,1.0,0.0,2.0,2.0,0.0,0.0,53
cocoa powder van houten,PT. Ceres Bandung,6 g,120.0,6.0,15.0,4.0,0.0,0.0,0.0,5.58,10.0,4.62,5.97,0.0,0.0,0.0,10.0,0.0,6.0,6.0,0.0,25
"jambu bool, segar",Tidak Diketahui,0.80 g,49.0,2.3,9.6,0.2,0.0,1.0,3.5,2.28,3.83,2.95,0.3,0.07,0.0,0.0,0.0,0.0,0.0,0.0,0.0,64
tiwul,Tidak Diketahui,1.60 g,353.0,2.4,83.4,1.1,0.0,5.0,6.5,16.42,4.0,25.66,1.64,0.33,0.0,0.0,0.0,0.0,0.0,0.0,0.0,29
nissin longer stick biscuits,Tidak Diketahui,2 g,50.0,2.0,21.0,6.0,5.0,85.0,0.0,6.98,3.33,6.46,8.96,5.67,20.0,0.0,0.0,0.0,7.0,9.0,0.0,60
nasi coklat,Tidak Diketahui,2.30 g,112.0,2.3,23.5,0.8,0.0,0.0,0.0,5.21,3.83,7.23,1.19,0.0,0.0,0.0,4.0,8.0,6.0,0.0,0.0,45
chicki taro net rasa bbq,PT. Putra Taro Paloma,1 g,90.0,1.0,15.0,2.5,0.0,200.0,0.0,4.19,1.67,4.62,3.73,13.33,0.0,14.0,0.0,5.0,5.0,0.0,0.0,23
saladstop jai ho,Tidak Diketahui,7.10 g,324.9,22.3,28.3,14.3,8.4,355.3,7.1,15.11,37.17,8.71,21.34,23.69,0.0,24.0,38.0,0.0,0.0,0.0,24.0,41
chocodrink,PT. Karunia Alam Segar,2 g,20.0,2.0,23.0,2.5,18.0,100.0,0.0,5.58,3.33,7.08,3.73,6.67,0.0,7.0,0.0,8.0,6.0,0.0,0.0,17
"asam masak pohon, segar",Tidak Diketahui,2.70 g,267.0,2.8,62.5,0.6,0.0,9.0,1.2,12.42,4.67,19.23,0.9,0.6,0.0,0.0,0.0,0.0,0.0,0.0,0.0,74
bayam rebus,Tidak Diketahui,1 g,23.0,1.2,3.7,0.6,0.0,16.0,1.1,1.07,2.0,1.14,0.9,1.07,0.0,0.0,0.0,0.0,0.0,0.0,0.0,55
"kelio telur, masakan",Tidak Diketahui,1.40 g,193.0,10.6,9.7,12.4,0.0,540.0,0.0,8.98,17.67,2.98,18.51,36.0,0.0,0.0,0.0,0.0,0.0,0.0,0.0,27
tahu,Tidak Diketahui,1.40 g,80.0,10.9,0.8,4.7,0.0,2.0,0.1,3.72,18.17,0.25,7.01,0.13,0.0,0.0,0.0,0.0,0.0,0.0,0.0,76
sariroti roti tawar double soft,PT. Nippon Indosari corporindo Tbk,3 g,140.0,4.0,23.0,3.0,1.0,105.0,3.0,6.51,6.67,7.08,4.48,7.0,0.0,7.0,0.0,8.0,0.0,0.0,10.0,27
mcdonald triple cheeseburger,PT.Rekso Nasional Food,2 g,520.0,32.0,36.0,28.0,7.0,0.0,2.0,24.19,53.33,11.08,41.79,0.0,0.0,0.0,54.0,0.0,25.0,42.0,0.0,19
sagu singkong kering,Tidak Diketahui,0.30 g,362.0,0.5,86.9,0.3,0.0,0.0,0.0,16.84,0.83,26.74,0.45,0.0,0.0,0.0,0.0,0.0,0.0,0.0,0.0,35
indomie hype abis seblak hot jeletot,Tidak Diketahui,7 g,360.0,7.0,44.0,17.0,0.0,1190.0,0.0,16.74,11.67,13.54,25.37,79.33,0.0,80.0,0.0,0.0,17.0,26.0,0.0,77
monde boromon cookies milk flavour,PT. Monde Mahkota Biskuit,0 g,0.0,0.0,18.0,0.0,5.0,10.0,0.0,3.72,0.0,5.54,0.0,0.67,0.0,0.0,0.0,6.0,0.0,0.0,0.0,73
frisian flag belgian chocolate low fat,PT. Frisian Flag Indonesia,7 g,150.0,7.0,25.0,2.5,19.0,100.0,0.0,6.98,11.67,7.69,3.73,6.67,0.0,0.0,12.0,8.0,7.0,0.0,0.0,65
subway classic tuna sandwich,Tidak Diketahui,2 g,470.0,20.0,41.0,25.0,5.0,0.0,2.0,21.86,33.33,12.62,37.31,0.0,0.0,0.0,34.0,0.0,22.0,38.0,0.0,14
eskrim magnum classic,PT. Andrawina Darma Manunggal Mulya,4 g,240.0,3.0,30.0,13.0,18.0,0.0,4.0,11.16,5.0,9.23,19.4,0.0,0.0,0.0,0.0,0.0,12.0,20.0,14.0,64
keripik tempe,Tidak Diketahui,2.30 g,581.0,12.1,41.7,40.6,0.0,0.0,2.2,27.02,20.17,12.83,60.6,0.0,0.0,0.0,0.0,0.0,0.0,0.0,0.0,39
susu bubuk,Tidak Diketahui,5.70 g,513.0,24.6,36.2,30.0,0.0,380.0,0.0,23.86,41.0,11.14,44.78,25.33,0.0,0.0,0.0,0.0,0.0,0.0,0.0,35
"jangang bintatoeng, masakan",Tidak Diketahui,2.40 g,107.0,5.3,16.5,2.2,0.0,482.0,0.0,4.98,8.83,5.08,3.28,32.13,0.0,0.0,0.0,0.0,0.0,0.0,0.0,51
golden farm french fries,PT. Sukanda djaya,3 g,170.0,3.0,29.0,4.5,0.0,0.0,0.0,7.91,5.0,8.92,6.72,0.0,0.0,0.0,0.0,9.0,8.0,7.0,0.0,18
"telur ayam ras bagian kuning, segar",Tidak Diketahui,1.70 g,355.0,16.3,0.7,31.9,0.0,111.0,0.0,16.51,27.17,0.22,47.61,7.4,0.0,0.0,0.0,0.0,0.0,0.0,0.0,42
"ayam,hati,segar",Tidak Diketahui,1.50 g,261.0,27.4,1.6,16.1,0.0,1068.0,0.0,12.14,45.67,0.49,24.03,71.2,0.0,0.0,0.0,0.0,0.0,0.0,0.0,37
bakso ikan,Tidak Diketahui,11.27 g,107.0,11.27,11.72,1.23,0.0,255.0,0.0,4.98,18.78,3.61,1.84,17.0,0.0,17.0,19.0,0.0,5.0,0.0,0.0,36
yogurt frozen pinkberry (medium),Tidak Diketahui,0 g,240.0,9.0,50.0,0.0,47.0,0.0,0.0,11.16,15.0,15.38,0.0,0.0,0.0,0.0,15.0,16.0,12.0,0.0,0.0,48
pronas classic chunky corned beef (340 g),PT. CANNING INDONESIAN PRODUCTS,2 g,70.0,8.0,2.0,3.5,0.0,410.0,2.0,3.26,13.33,0.62,5.22,27.33,8.0,28.0,14.0,0.0,0.0,0.0,0.0,72
sayur lebui,Tidak Diketahui,0.90 g,64.0,2.1,12.5,0.6,0.0,124.0,5.7,2.98,3.5,3.85,0.9,8.27,0.0,0.0,0.0,0.0,0.0,0.0,0.0,12
indomie rasa soto lamongan,PT. Indofood CBP Sukses Makmur Tbk.,6 g,130.0,10.0,48.0,14.0,4.0,1030.0,6.0,16.74,16.67,14.77,20.9,68.67,35.0,69.0,0.0,0.0,0.0,21.0,0.0,39
"jali, mentah",Tidak Diketahui,1 g,324.0,11.0,61.0,4.0,0.0,24.0,3.1,15.07,18.33,18.77,5.97,1.6,0.0,0.0,0.0,0.0,0.0,0.0,0.0,27
elle vire yogurt,PT. Sukanda djaya,0.40 g,90.0,2.3,13.0,3.1,11.0,0.0,0.4,4.19,3.83,4.0,4.63,0.0,0.0,0.0,0.0,4.0,5.0,5.0,0.0,79
markisa squash,Tidak Diketahui,0.20 g,217.0,2.5,49.6,1.0,0.0,14.0,0.0,10.09,4.17,15.26,1.49,0.93,0.0,0.0,0.0,0.0,0.0,0.0,0.0,70
putu sopa,Tidak Diketahui,0.80 g,215.0,3.3,41.1,4.1,0.0,0.0,0.0,10.0,5.5,12.65,6.12,0.0,0.0,0.0,0.0,0.0,0.0,0.0,0.0,20
pop mie rasa soto ayam dengan nasi,PT. Indofood CBP Sukses Makmur Tbk.,3 g,250.0,7.0,48.0,15.0,5.0,1320.0,3.0,11.63,11.67,14.77,22.39,88.0,0.0,88.0,0.0,15.0,0.0,23.0,0.0,57
geblek,Tidak Diketahui,1.40 g,195.0,0.4,44.4,1.7,0.0,353.0,3.6,9.07,0.67,13.66,2.54,23.53,0.0,0.0,0.0,0.0,0.0,0.0,0.0,77
agar-agar swallow globe brand,Tidak Diketahui,8 g,20.0,0.0,8.0,0.0,0.0,0.0,8.0,0.93,0.0,2.46,0.0,0.0,0.0,0.0,0.0,3.0,1.0,0.0,0.0,79
permen xylitol fresh mint,Tidak Diketahui,0 g,10.0,0.0,3.0,0.0,0.0,0.0,0.0,0.47,0.0,0.92,0.0,0.0,0.0,0.0,0.0,1.0,1.0,0.0,0.0,49
"gambas (oyong), segar",Tidak Diketahui,0.40 g,19.0,0.8,4.1,0.2,0.0,23.0,1.3,0.88,1.33,1.26,0.3,1.53,0.0,0.0,0.0,0.0,0.0,0.0,0.0,12
nasi tim,Tidak Diketahui,0.20 g,120.0,3.4,26.0,0.4,0.0,0.0,0.5,5.58,5.67,8.0,0.6,0.0,0.0,0.0,0.0,0.0,0.0,0.0,0.0,42
"sei reuboh, masakan",Tidak Diketahui,2.20 g,474.0,11.2,11.7,42.5,0.0,677.0,0.0,22.05,18.67,3.6,63.43,45.13,0.0,0.0,0.0,0.0,0.0,0.0,0.0,26
buah merah,Tidak Diketahui,0.40 g,87.0,2.6,13.1,2.7,0.0,110.0,4.0,4.05,4.33,4.03,4.03,7.33,0.0,0.0,0.0,0.0,0.0,0.0,0.0,11
subway steak and cheese sandwich,Tidak Diketahui,2 g,360.0,24.0,43.0,10.0,5.0,0.0,2.0,16.74,40.0,13.23,14.93,0.0,0.0,0.0,40.0,0.0,17.0,15.0,0.0,52
"beras hitam, mentah",Tidak Diketahui,0.90 g,351.0,8.0,76.9,1.3,0.0,15.0,20.1,16.33,13.33,23.66,1.94,1.0,0.0,0.0,0.0,0.0,0.0,0.0,0.0,21
"apang kukus, kue",Tidak Diketahui,0.50 g,202.0,3.0,46.7,0.3,0.0,0.0,0.0,9.4,5.0,14.37,0.45,0.0,0.0,0.0,0.0,0.0,0.0,0.0,0.0,77
"talas viqueque, segar",Tidak Diketahui,1.20 g,115.0,1.8,25.9,0.5,0.0,1.0,8.6,5.35,3.0,7.97,0.75,0.07,0.0,0.0,0.0,0.0,0.0,0.0,0.0,17
indofood kecap manis (135 ml),Tidak Diketahui,0 g,45.0,0.0,11.0,0.0,9.0,240.0,0.0,2.09,0.0,3.38,0.0,16.0,0.0,16.0,0.0,4.0,3.0,0.0,0.0,59
tanderloin,Tidak Diketahui,20.53 g,151.0,20.53,0.01,7.63,0.0,0.0,0.0,7.02,34.22,0.0,11.39,0.0,0.0,0.0,0.0,0.0,0.0,0.0,0.0,56
golden farm frozen pea,PT. Sukanda djaya,7 g,90.0,7.0,12.0,1.0,3.0,0.0,0.0,4.19,11.67,3.69,1.49,0.0,0.0,0.0,12.0,4.0,5.0,0.0,0.0,70
white anchovy powder,Tidak Diketahui,3 g,15.0,3.0,0.0,0.0,0.0,70.0,0.0,0.7,5.0,0.0,0.0,4.67,0.0,5.0,5.0,0.0,0.0,0.0,0.0,12
beef yakiniku,Tidak Diketahui,0.80 g,132.0,9.8,20.7,1.1,0.0,409.0,0.3,6.14,16.33,6.37,1.64,27.27,0.0,0.0,0.0,0.0,0.0,0.0,0.0,25
"asam arang coklat, segar",Tidak Diketahui,1.40 g,130.0,0.5,30.9,1.1,0.0,13.0,1.5,6.05,0.83,9.51,1.64,0.87,0.0,0.0,0.0,0.0,0.0,0.0,0.0,13
mie sedaap instant rasa soto 75 g,PT. Karunia Alam Segar,2 g,340.0,8.0,46.0,13.0,3.0,1030.0,2.0,15.81,13.33,14.15,19.4,68.67,30.0,69.0,0.0,0.0,0.0,20.0,0.0,33
"kacang gude, biji kering",Tidak Diketahui,4.20 g,316.0,20.7,58.0,1.0,0.0,16.0,4.6,14.7,34.5,17.85,1.49,1.07,0.0,0.0,0.0,0.0,0.0,0.0,0.0,21
entrasol quick start chia seeds,PT.Sanghiang perkasa,1 g,130.0,2.0,22.0,3.5,12.0,105.0,1.0,6.05,3.33,6.77,5.22,7.0,10.0,7.0,0.0,7.0,0.0,0.0,0.0,47
ketupat kandangan,Tidak Diketahui,0.70 g,109.0,2.2,13.4,5.2,0.0,0.0,0.0,5.07,3.67,4.12,7.76,0.0,0.0,0.0,0.0,0.0,0.0,0.0,0.0,53
hickory smoked bbq  (classic wings),Tidak Diketahui,1 g,171.0,15.0,8.0,8.0,7.0,0.0,1.0,7.95,25.0,2.46,11.94,0.0,0.0,0.0,25.0,0.0,8.0,12.0,0.0,34
susu bubuk dancow fullcream,PT. Nestle Indonesia,0 g,120.0,5.0,13.0,6.0,0.0,90.0,0.0,5.58,8.33,4.0,8.96,6.0,18.0,0.0,9.0,0.0,0.0,9.0,0.0,25
roma sari gandum,PT. Mayora Indah Tbk.,2 g,100.0,2.0,13.0,4.0,3.0,0.0,0.0,4.65,3.33,4.0,5.97,0.0,0.0,0.0,0.0,4.0,5.0,6.0,0.0,44
"bihun jagung, mentah",Tidak Diketahui,0.50 g,354.0,0.5,87.4,0.3,0.0,49.0,3.0,16.47,0.83,26.89,0.45,3.27,0.0,0.0,0.0,0.0,0.0,0.0,0.0,30
cuka,Tidak Diketahui,0.30 g,21.0,0.1,5.0,0.1,0.0,21.0,0.0,0.98,0.17,1.54,0.15,1.4,0.0,0.0,0.0,0.0,0.0,0.0,0.0,42
gadung kukus,Tidak Diketahui,0.80 g,88.0,0.6,20.9,0.3,0.0,6.0,0.9,4.09,1.0,6.43,0.45,0.4,0.0,0.0,0.0,0.0,0.0,0.0,0.0,29
"akar tonjong, segar",Tidak Diketahui,1 g,45.0,1.1,10.8,0.4,0.0,96.0,1.2,2.09,1.83,3.32,0.6,6.4,0.0,0.0,0.0,0.0,0.0,0.0,0.0,68
"lemon, segar",Tidak Diketahui,0.30 g,34.0,0.5,6.2,0.8,0.0,31.0,0.1,1.58,0.83,1.91,1.19,2.07,0.0,0.0,0.0,0.0,0.0,0.0,0.0,65
sariroti sandwich kacang,PT. Nippon Indosari corporindo Tbk,2 g,140.0,5.0,18.0,6.0,2.0,135.0,2.0,6.51,8.33,5.54,8.96,9.0,0.0,9.0,9.0,0.0,0.0,9.0,0.0,54
"model, masakan",Tidak Diketahui,1.30 g,79.0,2.2,8.6,4.0,0.0,147.0,0.0,3.67,3.67,2.65,5.97,9.8,0.0,0.0,0.0,0.0,0.0,0.0,0.0,18
"ikan bawal, segar",Tidak Diketahui,1.30 g,91.0,19.0,0.0,1.7,0.0,129.0,0.0,4.23,31.67,0.0,2.54,8.6,0.0,0.0,0.0,0.0,0.0,0.0,0.0,31
tauco cap meong,Tidak Diketahui,6.70 g,159.0,7.4,21.3,4.9,0.0,1547.0,1.6,7.4,12.33,6.55,7.31,103.13,0.0,0.0,0.0,0.0,0.0,0.0,0.0,46
donat krispy kreme oreo chocolate cream,Tidak Diketahui,1 g,390.0,4.0,49.0,21.0,27.0,0.0,1.0,18.14,6.67,15.08,31.34,0.0,0.0,0.0,0.0,16.0,19.0,32.0,0.0,57
khong guan malkist sayur,Tidak Diketahui,2 g,100.0,2.0,14.0,4.0,0.0,120.0,0.0,4.65,3.33,4.31,5.97,8.0,0.0,8.0,0.0,0.0,5.0,6.0,0.0,30
kerupuk udang goreng,Tidak Diketahui,1.90 g,477.0,4.7,68.5,20.5,0.0,449.0,5.0,22.19,7.83,21.08,30.6,29.93,0.0,0.0,0.0,0.0,0.0,0.0,0.0,54
"steamed dumpling, chiu chow style",Tidak Diketahui,1.90 g,92.0,1.9,13.0,3.5,0.0,220.0,0.0,4.28,3.17,4.0,5.22,14.67,0.0,15.0,0.0,0.0,5.0,6.0,0.0,18
mi kering,Tidak Diketahui,1.40 g,339.0,10.0,6.3,1.7,0.0,760.0,0.4,15.77,16.67,1.94,2.54,50.67,0.0,0.0,0.0,0.0,0.0,0.0,0.0,26
taoge seduh,Tidak Diketahui,0.30 g,28.0,3.0,4.0,0.8,0.0,18.0,1.0,1.3,5.0,1.23,1.19,1.2,0.0,0.0,0.0,0.0,0.0,0.0,0.0,32
bebelac gold,Tidak Diketahui,2 g,50.0,6.0,24.0,6.0,17.0,75.0,2.0,7.91,10.0,7.38,8.96,5.0,0.0,0.0,0.0,0.0,0.0,0.0,0.0,21
"daun leunca, segar",Tidak Diketahui,1.70 g,49.0,4.7,8.1,0.5,0.0,0.0,0.0,2.28,7.83,2.49,0.75,0.0,0.0,0.0,0.0,0.0,0.0,0.0,0.0,53
"daun gedi kecil, segar",Tidak Diketahui,2 g,61.0,3.2,10.4,0.7,0.0,20.0,3.4,2.84,5.33,3.2,1.04,1.33,0.0,0.0,0.0,0.0,0.0,0.0,0.0,45
cimory yogurt set,PT. Cisaura mountain dairy,3 g,100.0,3.0,16.0,2.5,11.0,0.0,0.0,4.65,5.0,4.92,3.73,0.0,0.0,0.0,5.0,5.0,5.0,0.0,0.0,78
"kacang kedelai, kering",Tidak Diketahui,5.50 g,381.0,40.4,24.9,16.7,0.0,210.0,3.2,17.72,67.33,7.66,24.93,14.0,0.0,0.0,0.0,0.0,0.0,0.0,0.0,28
"jagung kuning pipil, kering, mentah",Tidak Diketahui,2.40 g,366.0,9.8,69.1,7.3,0.0,5.0,2.2,17.02,16.33,21.26,10.9,0.33,0.0,0.0,0.0,0.0,0.0,0.0,0.0,30
royco kaldu ayam,PT. Unilever Indonesia,0 g,0.0,0.0,0.0,0.0,0.0,0.0,0.0,0.0,0.0,0.0,0.0,0.0,0.0,0.0,0.0,0.0,0.0,0.0,0.0,69
tempe kacang babi,Tidak Diketahui,1.20 g,139.0,12.5,21.9,0.8,0.0,0.0,1.8,6.47,20.83,6.74,1.19,0.0,0.0,0.0,0.0,0.0,0.0,0.0,0.0,48
dairy queen mocha moolatte,Tidak Diketahui,1 g,580.0,10.0,88.0,22.0,77.0,0.0,1.0,26.98,16.67,27.08,32.84,0.0,0.0,0.0,0.0,28.0,27.0,33.0,0.0,61
sup krim ayam royco,Tidak Diketahui,2 g,50.0,2.0,0.0,1.0,0.0,710.0,0.0,2.33,3.33,0.0,1.49,47.33,0.0,48.0,4.0,0.0,3.0,0.0,0.0,28
sarimi kaldu ayam,Tidak Diketahui,2 g,320.0,4.0,45.0,12.0,11.0,670.0,2.0,14.88,6.67,13.85,17.91,44.67,30.0,45.0,0.0,0.0,0.0,18.0,0.0,63
"daun pakis wambateu, segar",Tidak Diketahui,1.30 g,53.0,3.4,7.2,1.2,0.0,20.0,4.8,2.47,5.67,2.22,1.79,1.33,0.0,0.0,0.0,0.0,0.0,0.0,0.0,13
"koro kerupuk, biji",Tidak Diketahui,1.70 g,125.0,8.3,22.1,0.7,0.0,16.0,2.2,5.81,13.83,6.8,1.04,1.07,0.0,0.0,0.0,0.0,0.0,0.0,0.0,40
"daun bebuas, segar",Tidak Diketahui,1.10 g,41.0,2.7,7.3,1.0,0.0,0.0,2.1,1.91,4.5,2.25,1.49,0.0,0.0,0.0,0.0,0.0,0.0,0.0,0.0,15
jeruk garut-keprok,Tidak Diketahui,0.70 g,44.0,0.8,10.9,0.3,0.0,5.0,1.6,2.05,1.33,3.35,0.45,0.33,0.0,0.0,0.0,0.0,0.0,0.0,0.0,17
kue gelang,Tidak Diketahui,1 g,448.0,5.8,70.0,16.1,0.0,0.0,0.0,20.84,9.67,21.54,24.03,0.0,0.0,0.0,0.0,0.0,0.0,0.0,0.0,23
sariroti roti tawar,PT. Nippon Indosari corporindo Tbk,1 g,200.0,7.0,37.0,3.0,2.0,280.0,1.0,9.3,11.67,11.38,4.48,18.67,0.0,19.0,12.0,12.0,0.0,0.0,0.0,22
hangop/butter milk/whey,Tidak Diketahui,1.50 g,65.0,10.0,3.5,1.0,0.0,126.0,0.0,3.02,16.67,1.08,1.49,8.4,0.0,0.0,0.0,0.0,0.0,0.0,0.0,22
bagea kenari asin,Tidak Diketahui,1.30 g,529.0,3.2,63.6,29.1,0.0,74.0,0.0,24.6,5.33,19.57,43.43,4.93,0.0,0.0,0.0,0.0,0.0,0.0,0.0,66
keripik bayam,Tidak Diketahui,1.90 g,586.0,4.9,50.2,40.6,0.0,0.0,0.5,27.26,8.17,15.45,60.6,0.0,0.0,0.0,0.0,0.0,0.0,0.0,0.0,68
coklat silverqueen chunky almond bar,PT. Petra food indonesia,3 g,170.0,3.0,15.0,11.0,12.0,0.0,0.0,7.91,5.0,4.62,16.42,0.0,0.0,0.0,5.0,0.0,8.0,17.0,0.0,32
ritz creackers original (isis 3 pack),PT. Mondelez International,2 g,140.0,2.0,20.0,6.0,0.0,115.0,0.0,6.51,3.33,6.15,8.96,7.67,18.0,8.0,0.0,0.0,0.0,9.0,0.0,20
ichitan thai milk tea,Tidak Diketahui,6 g,45.0,2.0,24.0,5.0,17.0,130.0,6.0,6.98,3.33,7.38,7.46,8.67,225.0,9.0,0.0,0.0,0.0,0.0,20.0,60
indomie mi goreng,PT. Indofood CBP Sukses Makmur Tbk.,2 g,130.0,8.0,54.0,14.0,8.0,1070.0,2.0,13.95,13.33,16.62,20.9,71.33,35.0,72.0,0.0,0.0,0.0,21.0,0.0,48
pop ice moccacino,PT. Forisa Nusapersada,1 g,15.0,1.0,22.0,1.5,15.0,30.0,0.0,5.12,1.67,6.77,2.24,2.0,8.0,0.0,0.0,7.0,6.0,0.0,0.0,14
cokelat pasta,PT. Diamond Cold Storage,2 g,130.0,2.0,32.0,14.0,21.0,30.0,0.0,12.09,3.33,9.85,20.9,2.0,40.0,0.0,0.0,0.0,13.0,21.0,0.0,48
kacang kedelai segar,Tidak Diketahui,4.10 g,286.0,30.2,30.1,15.6,0.0,28.0,2.9,13.3,50.33,9.26,23.28,1.87,0.0,0.0,0.0,0.0,0.0,0.0,0.0,12
ubi jalar tinta / kemayung kukus,Tidak Diketahui,0.60 g,165.0,0.9,39.8,0.2,0.0,1.0,1.1,7.67,1.5,12.25,0.3,0.07,0.0,0.0,0.0,0.0,0.0,0.0,0.0,67
"buah kom, segar",Tidak Diketahui,1.70 g,264.0,4.0,59.6,1.1,0.0,0.0,9.0,12.28,6.67,18.34,1.64,0.0,0.0,0.0,0.0,0.0,0.0,0.0,0.0,15
frisian flag cokelat (kental manis),PT. Frisian Flag Indonesia,1 g,135.0,1.0,23.0,4.5,19.0,0.0,0.0,6.28,1.67,7.08,6.72,0.0,0.0,0.0,0.0,8.0,7.0,7.0,0.0,16
bagea kelapa manis,Tidak Diketahui,1.30 g,452.0,1.3,80.6,13.8,0.0,75.0,0.0,21.02,2.17,24.8,20.6,5.0,0.0,0.0,0.0,0.0,0.0,0.0,0.0,72
"jagung muda, kening, mentah",Tidak Diketahui,0.90 g,147.0,5.1,31.5,0.7,0.0,5.0,1.3,6.84,8.5,9.69,1.04,0.33,0.0,0.0,0.0,0.0,0.0,0.0,0.0,11
keremes,Tidak Diketahui,2.10 g,475.0,1.6,64.4,25.2,0.0,0.0,2.1,22.09,2.67,19.82,37.61,0.0,0.0,0.0,0.0,0.0,0.0,0.0,0.0,41
"paria putih, segar",Tidak Diketahui,0.60 g,19.0,1.0,3.6,0.4,0.0,5.0,1.3,0.88,1.67,1.11,0.6,0.33,0.0,0.0,0.0,0.0,0.0,0.0,0.0,74
minyak zaitun,Tidak Diketahui,0 g,884.0,0.0,0.0,100.0,0.0,7.0,0.0,41.12,0.0,0.0,149.25,0.47,0.0,0.0,0.0,0.0,0.0,0.0,0.0,80
"soto pemalang, masakan",Tidak Diketahui,1.70 g,75.0,3.6,3.5,5.2,0.0,0.0,0.0,3.49,6.0,1.08,7.76,0.0,0.0,0.0,0.0,0.0,0.0,0.0,0.0,62
"beras giling, mentah",Tidak Diketahui,0.80 g,357.0,8.4,77.1,1.7,0.0,27.0,0.2,16.6,14.0,23.72,2.54,1.8,0.0,0.0,0.0,0.0,0.0,0.0,0.0,11
"gulai asam keueung, masakan",Tidak Diketahui,1.70 g,52.0,10.0,1.8,0.5,0.0,332.0,0.0,2.42,16.67,0.55,0.75,22.13,0.0,0.0,0.0,0.0,0.0,0.0,0.0,42
pundut nasi,Tidak Diketahui,1.10 g,104.0,1.9,15.1,4.1,0.0,74.0,0.4,4.84,3.17,4.65,6.12,4.93,0.0,0.0,0.0,0.0,0.0,0.0,0.0,17
vodka,Tidak Diketahui,0.46 g,43.0,0.46,3.55,0.0,0.0,0.0,0.0,2.0,0.77,1.09,0.0,0.0,0.0,0.0,1.0,2.0,2.0,0.0,0.0,60
pop ice mangga,PT. Forisa Nusapersada,1 g,15.0,1.0,22.0,1.5,15.0,15.0,0.0,5.12,1.67,6.77,2.24,1.0,0.0,0.0,0.0,7.0,6.0,3.0,0.0,17
sardines dalam kaleng,Tidak Diketahui,3.80 g,338.0,21.1,1.0,27.0,0.0,0.0,0.0,15.72,35.17,0.31,40.3,0.0,0.0,0.0,0.0,0.0,0.0,0.0,0.0,54
ovomaltine,Tidak Diketahui,0.80 g,109.0,0.8,11.9,6.4,10.9,50.0,0.0,5.07,1.33,3.66,9.55,3.33,0.0,0.0,0.0,4.0,6.0,10.0,0.0,68
susu kedelai,Tidak Diketahui,2 g,41.0,3.5,5.0,2.5,0.0,128.0,0.2,1.91,5.83,1.54,3.73,8.53,0.0,0.0,0.0,0.0,0.0,0.0,0.0,19
paku hinela wulelenggapaya,Tidak Diketahui,3.10 g,77.0,3.5,5.4,4.6,0.0,469.0,3.6,3.58,5.83,1.66,6.87,31.27,0.0,0.0,0.0,0.0,0.0,0.0,0.0,27
keju greenfileds mozzarella,PT. Greenfield Indonesia,7 g,90.0,7.0,2.0,6.0,0.0,0.0,0.0,4.19,11.67,0.62,8.96,0.0,0.0,0.0,12.0,0.0,5.0,9.0,0.0,33
kratingdaeng pro,Tidak Diketahui,0 g,120.0,0.0,27.0,0.0,27.0,0.0,0.0,5.58,0.0,8.31,0.0,0.0,0.0,0.0,0.0,9.0,6.0,0.0,0.0,44
"ikan heu, segar",Tidak Diketahui,6.20 g,81.0,10.0,6.6,1.6,0.0,240.0,0.0,3.77,16.67,2.03,2.39,16.0,0.0,0.0,0.0,0.0,0.0,0.0,0.0,27
"daun gandaria, segar",Tidak Diketahui,1.60 g,63.0,3.1,14.0,0.3,0.0,3.0,2.1,2.93,5.17,4.31,0.45,0.2,0.0,0.0,0.0,0.0,0.0,0.0,0.0,69
sagu aren kering,Tidak Diketahui,0.80 g,355.0,0.6,85.6,1.1,0.0,2.0,0.3,16.51,1.0,26.34,1.64,0.13,0.0,0.0,0.0,0.0,0.0,0.0,0.0,57
ganyong rebus,Tidak Diketahui,1.10 g,100.0,0.8,23.8,0.2,0.0,0.0,0.9,4.65,1.33,7.32,0.3,0.0,0.0,0.0,0.0,0.0,0.0,0.0,0.0,73
"rendang sapi, masakan",Tidak Diketahui,3.80 g,193.0,22.6,7.8,7.9,0.0,0.0,0.0,8.98,37.67,2.4,11.79,0.0,0.0,0.0,0.0,0.0,0.0,0.0,0.0,79
roma : biskuit kelapa,PT. Mayora Indah Tbk.,2 g,130.0,2.0,19.0,5.0,6.0,90.0,0.0,6.05,3.33,5.85,7.46,6.0,10.0,0.0,0.0,0.0,7.0,8.0,0.0,37
superco,PT. Khong Guan Biscuit Factory Indonesia LTD,1 g,80.0,1.0,13.0,3.0,4.0,80.0,0.0,3.72,1.67,4.0,4.48,5.33,8.0,6.0,0.0,0.0,0.0,5.0,0.0,64
saus sesame,Tidak Diketahui,1 g,100.0,1.0,4.0,9.0,0.0,260.0,0.0,4.65,1.67,1.23,13.43,17.33,8.0,18.0,0.0,0.0,0.0,14.0,0.0,51
pepea oncom ampas tahu,Tidak Diketahui,1.50 g,76.0,5.2,10.6,1.8,0.0,0.0,2.2,3.53,8.67,3.26,2.69,0.0,0.0,0.0,0.0,0.0,0.0,0.0,0.0,53
nissin assorted biscuits,PT. Serena Indopangan Industri,1 g,45.0,1.0,18.0,5.0,7.0,60.0,1.0,5.58,1.67,5.54,7.46,4.0,0.0,0.0,0.0,6.0,6.0,8.0,0.0,12
so you minuman kedelai,Tidak Diketahui,4 g,100.0,4.0,15.0,2.5,11.0,0.0,0.0,4.65,6.67,4.62,3.73,0.0,0.0,0.0,7.0,5.0,5.0,0.0,0.0,39
sayur asem,Tidak Diketahui,0.80 g,29.0,0.7,5.0,0.6,0.0,0.0,0.6,1.35,1.17,1.54,0.9,0.0,0.0,0.0,0.0,0.0,0.0,0.0,0.0,80
lamtoro var. gung tanpa kulit,Tidak Diketahui,4.40 g,367.0,46.4,32.5,5.4,0.0,65.0,2.6,17.07,77.33,10.0,8.06,4.33,0.0,0.0,0.0,0.0,0.0,0.0,0.0,58
"ikan bambangan, segar",Tidak Diketahui,1.30 g,112.0,20.0,3.7,1.3,0.0,148.0,0.0,5.21,33.33,1.14,1.94,9.87,0.0,0.0,0.0,0.0,0.0,0.0,0.0,30
khong guan saltcheese,Tidak Diketahui,0 g,80.0,1.0,10.0,4.0,2.0,0.0,0.0,3.72,1.67,3.08,5.97,0.0,0.0,0.0,0.0,4.0,4.0,6.0,0.0,68
tauco,Tidak Diketahui,6.90 g,184.0,11.4,22.2,5.5,0.0,1766.0,1.9,8.56,19.0,6.83,8.21,117.73,0.0,0.0,0.0,0.0,0.0,0.0,0.0,35
"anak sapi, daging, kurus,segar",Tidak Diketahui,1.40 g,174.0,19.6,0.0,10.0,0.0,96.0,0.0,8.09,32.67,0.0,14.93,6.4,0.0,0.0,0.0,0.0,0.0,0.0,0.0,23
saladstop cobb,Tidak Diketahui,6.40 g,538.0,34.0,20.1,35.3,6.4,785.6,6.4,25.02,56.67,6.18,52.69,52.37,0.0,0.0,57.0,0.0,0.0,53.0,0.0,42
soesnack cheese,Tidak Diketahui,1 g,45.0,1.0,3.0,3.5,0.0,35.0,0.0,2.09,1.67,0.92,5.22,2.33,0.0,3.0,0.0,0.0,3.0,6.0,0.0,31
"batatas kelapa, ubi, segar",Tidak Diketahui,0.70 g,89.0,1.1,21.0,0.1,0.0,20.0,4.0,4.14,1.83,6.46,0.15,1.33,0.0,0.0,0.0,0.0,0.0,0.0,0.0,48
vigus,Tidak Diketahui,1.20 g,44.0,2.4,8.3,0.1,0.0,2.0,0.0,2.05,4.0,2.55,0.15,0.13,0.0,0.0,0.0,0.0,0.0,0.0,0.0,59
"sapi, daging, sosis (worst)",Tidak Diketahui,3.30 g,448.0,14.5,2.3,42.3,0.0,765.0,0.0,20.84,24.17,0.71,63.13,51.0,0.0,0.0,0.0,0.0,0.0,0.0,0.0,76
permen xylitol jeruk nipis,Tidak Diketahui,0 g,10.0,0.0,2.0,0.0,0.0,0.0,0.0,0.47,0.0,0.62,0.0,0.0,0.0,0.0,0.0,1.0,1.0,0.0,0.0,65
taoge goreng,Tidak Diketahui,1.50 g,88.0,3.2,14.0,2.1,0.0,0.0,0.7,4.09,5.33,4.31,3.13,0.0,0.0,0.0,0.0,0.0,0.0,0.0,0.0,21
sariroti sandwich pandan sarikaya,PT. Nippon Indosari corporindo Tbk,1 g,110.0,2.0,19.0,2.5,4.0,180.0,1.0,5.12,3.33,5.85,3.73,12.0,0.0,12.0,0.0,6.0,6.0,0.0,0.0,75
garlic parmesan (classic wings),Tidak Diketahui,1 g,206.0,16.0,1.0,15.0,0.0,0.0,1.0,9.58,26.67,0.31,22.39,0.0,0.0,0.0,27.0,0.0,10.0,23.0,0.0,75
"sapi, hati, sosis (leverworst)",Tidak Diketahui,2.40 g,274.0,16.0,3.0,22.0,0.0,654.0,2.3,12.74,26.67,0.92,32.84,43.6,0.0,0.0,0.0,0.0,0.0,0.0,0.0,64
monde serena egg rolls original,PT. Monde Mahkota Biskuit,1 g,45.0,1.0,8.0,5.0,4.0,10.0,1.0,3.72,1.67,2.46,7.46,0.67,13.0,0.0,0.0,0.0,0.0,8.0,0.0,19
you c1000 lemon water,Tidak Diketahui,0 g,150.0,0.0,37.0,0.0,37.0,60.0,0.0,6.98,0.0,11.38,0.0,4.0,0.0,0.0,0.0,12.0,7.0,0.0,0.0,64
gery saluut malkist,PT. Garudafood Putra Putri Jaya Tbk,2 g,130.0,2.0,19.0,5.0,5.0,0.0,0.0,6.05,3.33,5.85,7.46,0.0,0.0,0.0,0.0,6.0,7.0,8.0,0.0,80
quaker instan oatmeal,Tidak Diketahui,4 g,140.0,4.0,24.0,3.5,0.0,0.0,0.0,6.51,6.67,7.38,5.22,0.0,0.0,0.0,7.0,8.0,7.0,0.0,0.0,67
koro wedus / polong,Tidak Diketahui,0.80 g,46.0,3.0,7.9,0.3,0.0,2.0,3.3,2.14,5.0,2.43,0.45,0.13,0.0,0.0,0.0,0.0,0.0,0.0,0.0,43
sirup sunquick exotic,PT.Lasallefood,0 g,45.0,0.0,11.0,0.0,11.0,0.0,0.0,2.09,0.0,3.38,0.0,0.0,0.0,0.0,0.0,4.0,3.0,0.0,0.0,14
bubur tinotuan (manado),Tidak Diketahui,1 g,156.0,2.3,15.6,0.2,0.0,486.0,8.2,7.26,3.83,4.8,0.3,32.4,0.0,0.0,0.0,0.0,0.0,0.0,0.0,34
tony roma's,Tidak Diketahui,72 g,1001.0,72.0,1.0,76.0,0.0,0.0,0.0,46.56,120.0,0.31,113.43,0.0,0.0,0.0,120.0,0.0,47.0,114.0,0.0,35
frisian flag full cream,PT.Frisian Flag Indonesia,7 g,140.0,7.0,13.0,7.0,11.0,100.0,0.0,6.51,11.67,4.0,10.45,6.67,0.0,7.0,12.0,0.0,0.0,11.0,0.0,34
pop ice flavour strawberry,Tidak Diketahui,1 g,20.0,1.0,22.0,2.0,19.0,35.0,0.0,5.12,1.67,6.77,2.99,2.33,0.0,0.0,0.0,7.0,6.0,3.0,0.0,45
teajus madu,PT. Karunia Alam Segar,0 g,30.0,0.0,7.0,0.0,7.0,5.0,0.0,1.4,0.0,2.15,0.0,0.33,0.0,1.0,0.0,3.0,2.0,0.0,0.0,18
kitkat,PT. Nestle Indonesia,1 g,90.0,1.0,10.0,5.0,0.0,15.0,0.0,4.19,1.67,3.08,7.46,1.0,0.0,0.0,0.0,4.0,5.0,8.0,0.0,67
"daun semanggi, segar",Tidak Diketahui,1.90 g,45.0,4.4,8.5,0.5,0.0,64.0,1.9,2.09,7.33,2.62,0.75,4.27,0.0,0.0,0.0,0.0,0.0,0.0,0.0,41
saus hoisin,Tidak Diketahui,1 g,100.0,1.0,22.0,0.5,21.0,0.0,1.0,4.65,1.67,6.77,0.75,0.0,0.0,0.0,0.0,7.0,5.0,0.0,4.0,44
keddo bodong,Tidak Diketahui,1 g,290.0,4.6,55.2,5.7,0.0,0.0,0.0,13.49,7.67,16.98,8.51,0.0,0.0,0.0,0.0,0.0,0.0,0.0,0.0,79
"buah negri, segar",Tidak Diketahui,0.80 g,55.0,1.2,12.2,0.1,0.0,10.0,5.2,2.56,2.0,3.75,0.15,0.67,0.0,0.0,0.0,0.0,0.0,0.0,0.0,34
"beras, tapai",Tidak Diketahui,0.10 g,99.0,1.7,22.4,0.3,0.0,26.0,0.0,4.6,2.83,6.89,0.45,1.73,0.0,0.0,0.0,0.0,0.0,0.0,0.0,21
rempeyek kacang tolo,Tidak Diketahui,2.80 g,451.0,11.2,59.7,20.2,0.0,0.0,1.8,20.98,18.67,18.37,30.15,0.0,0.0,0.0,0.0,0.0,0.0,0.0,0.0,22
quiznos black angus steakhouse,Tidak Diketahui,4 g,780.0,47.0,88.0,27.0,19.0,0.0,4.0,36.28,78.33,27.08,40.3,0.0,0.0,0.0,79.0,0.0,37.0,41.0,0.0,76
kerupuk mie kuning goreng,Tidak Diketahui,0.30 g,476.0,0.1,71.3,21.1,0.0,0.0,4.2,22.14,0.17,21.94,31.49,0.0,0.0,0.0,0.0,0.0,0.0,0.0,0.0,13
permen fisherman's friend original,Tidak Diketahui,0 g,0.0,0.0,0.0,0.0,0.0,0.0,0.0,0.0,0.0,0.0,0.0,0.0,0.0,0.0,0.0,0.0,0.0,0.0,0.0,67
"sante, talas, segar",Tidak Diketahui,0.40 g,353.0,0.7,84.7,0.2,0.0,30.0,6.6,16.42,1.17,26.06,0.3,2.0,0.0,0.0,0.0,0.0,0.0,0.0,0.0,19
es krim,Tidak Diketahui,0.80 g,210.0,4.0,20.6,12.5,0.0,78.0,0.0,9.77,6.67,6.34,18.66,5.2,0.0,0.0,0.0,0.0,0.0,0.0,0.0,63
tepung singkong / tapioka,Tidak Diketahui,1.10 g,363.0,1.1,88.2,0.5,0.0,1.0,0.9,16.88,1.83,27.14,0.75,0.07,0.0,0.0,0.0,0.0,0.0,0.0,0.0,29
"durian, segar",Tidak Diketahui,8 g,134.0,2.5,28.0,3.0,0.0,1.0,3.5,6.23,4.17,8.62,4.48,0.07,0.0,0.0,0.0,0.0,0.0,0.0,0.0,28
"buah atung, segar",Tidak Diketahui,1.80 g,23.0,0.8,5.2,0.2,0.0,0.0,0.0,1.07,1.33,1.6,0.3,0.0,0.0,0.0,0.0,0.0,0.0,0.0,0.0,48
kue lumpur,Tidak Diketahui,1.10 g,291.0,3.6,44.1,11.1,0.0,0.0,0.0,13.53,6.0,13.57,16.57,0.0,0.0,0.0,0.0,0.0,0.0,0.0,0.0,33
sedaap tasty bakmi ayam,PT. Karunia Alam Segar,7 g,590.0,15.0,84.0,22.0,6.0,810.0,7.0,27.44,25.0,25.85,32.84,54.0,45.0,54.0,0.0,0.0,0.0,33.0,0.0,35
shabu-shabu,Tidak Diketahui,0.90 g,88.0,3.2,0.8,8.0,0.0,514.0,0.9,4.09,5.33,0.25,11.94,34.27,0.0,0.0,0.0,0.0,0.0,0.0,0.0,39
"labu air, segar",Tidak Diketahui,0.40 g,19.0,0.6,3.8,0.2,0.0,2.0,0.6,0.88,1.0,1.17,0.3,0.13,0.0,0.0,0.0,0.0,0.0,0.0,0.0,41
"buah nona, segar",Tidak Diketahui,1 g,101.0,1.7,25.2,0.6,0.0,5.0,2.8,4.7,2.83,7.75,0.9,0.33,0.0,0.0,0.0,0.0,0.0,0.0,0.0,20
"jeruk ragi, segar",Tidak Diketahui,0.40 g,49.0,0.7,11.1,0.2,0.0,4.0,0.5,2.28,1.17,3.42,0.3,0.27,0.0,0.0,0.0,0.0,0.0,0.0,0.0,43
susu greenfields full cream,PT. Greenfield Indonesia,1 g,160.0,8.0,12.0,9.0,7.0,0.0,1.0,7.44,13.33,3.69,13.43,0.0,0.0,0.0,14.0,0.0,8.0,14.0,0.0,26
kobe tepung bumbu serbaguna special,PT. Kobe Boga Utama,1 g,0.0,2.0,13.0,0.0,0.0,450.0,1.0,2.79,3.33,4.0,0.0,30.0,0.0,30.0,4.0,4.0,0.0,0.0,0.0,18
auntie anne sour cream and onion pretzel,Tidak Diketahui,2 g,360.0,9.0,68.0,5.0,12.0,0.0,2.0,16.74,15.0,20.92,7.46,0.0,0.0,0.0,15.0,21.0,17.0,0.0,0.0,64
"tinoransa, masakan",Tidak Diketahui,1.20 g,516.0,17.7,0.0,49.5,0.0,1307.0,0.0,24.0,29.5,0.0,73.88,87.13,0.0,0.0,0.0,0.0,0.0,0.0,0.0,48
roti putih / roti tawar,Tidak Diketahui,0.80 g,248.0,8.0,50.0,1.2,0.0,530.0,9.1,11.53,13.33,15.38,1.79,35.33,0.0,0.0,0.0,0.0,0.0,0.0,0.0,44
"daun lompong talas, segar",Tidak Diketahui,1.60 g,44.0,3.0,7.4,0.8,0.0,3.0,3.3,2.05,5.0,2.28,1.19,0.2,0.0,0.0,0.0,0.0,0.0,0.0,0.0,10
prenagen esensis susu bubuk rasa moka,Tidak Diketahui,7 g,150.0,7.0,29.0,1.0,0.0,110.0,0.0,6.98,11.67,8.92,1.49,7.33,0.0,8.0,12.0,9.0,0.0,0.0,0.0,23
bango kecap manis (400 ml),PT. ANUGRAH MUTU BERSAMA,0 g,60.0,0.0,15.0,0.0,13.0,400.0,0.0,2.79,0.0,4.62,0.0,26.67,0.0,27.0,0.0,5.0,3.0,0.0,0.0,10
gulai pliek,Tidak Diketahui,2.70 g,176.0,7.3,3.2,14.9,0.0,257.0,0.0,8.19,12.17,0.98,22.24,17.13,0.0,0.0,0.0,0.0,0.0,0.0,0.0,72
kacang hijau rebus,Tidak Diketahui,1.20 g,109.0,8.7,18.3,0.5,0.0,447.0,1.5,5.07,14.5,5.63,0.75,29.8,0.0,0.0,0.0,0.0,0.0,0.0,0.0,20
gendar goreng,Tidak Diketahui,3 g,407.0,6.4,32.0,28.2,0.0,0.0,0.1,18.93,10.67,9.85,42.09,0.0,0.0,0.0,0.0,0.0,0.0,0.0,0.0,39
nestle air minum,PT. Nestle Indonesia,0 g,0.0,0.0,0.0,0.0,0.0,0.0,0.0,0.0,0.0,0.0,0.0,0.0,0.0,0.0,0.0,0.0,0.0,0.0,0.0,13
dancow fortigro rasa vanilla,PT. Nestle Indonesia,5 g,50.0,5.0,14.0,6.0,11.0,90.0,0.0,5.58,8.33,4.31,8.96,6.0,15.0,0.0,9.0,0.0,0.0,9.0,0.0,49
keju kraft quick melt,PT. Kraft foods Indonesia,5 g,100.0,5.0,4.0,7.0,1.0,0.0,0.0,4.65,8.33,1.23,10.45,0.0,0.0,0.0,9.0,0.0,5.0,11.0,0.0,29
haverjoy,Tidak Diketahui,8 g,140.0,3.0,25.0,3.5,0.0,0.0,8.0,6.51,5.0,7.69,5.22,0.0,0.0,0.0,0.0,8.0,7.0,0.0,27.0,33
hydromama,PT. KARNIEL PACIFIC INDONESIA,0 g,0.0,0.0,18.0,0.0,15.0,85.0,0.0,0.0,0.0,5.54,0.0,5.67,0.0,6.0,0.0,6.0,0.0,0.0,0.0,17
"maizena, tepung",Tidak Diketahui,0.70 g,341.0,0.3,85.0,0.0,0.0,6.0,7.0,15.86,0.5,26.15,0.0,0.4,0.0,0.0,0.0,0.0,0.0,0.0,0.0,15
biskuit serena broniz,PT. Serena Land,1 g,100.0,2.0,13.0,5.0,7.0,0.0,1.0,4.65,3.33,4.0,7.46,0.0,0.0,0.0,0.0,4.0,5.0,8.0,0.0,70
pop mie goreng pedas gledek,PT. Indofood CBP Sukses Makmur Tbk.,6 g,370.0,6.0,45.0,18.0,0.0,930.0,0.0,17.21,10.0,13.85,26.87,62.0,0.0,62.0,0.0,0.0,18.0,27.0,0.0,43
pop mie pake nasi,PT. Indofood CBP Sukses Makmur Tbk.,7 g,350.0,7.0,48.0,15.0,0.0,1370.0,0.0,16.28,11.67,14.77,22.39,91.33,0.0,92.0,0.0,0.0,17.0,23.0,0.0,36
"kacang beracun, segar",Tidak Diketahui,0.40 g,118.0,4.4,21.6,1.5,0.0,10.0,0.0,5.49,7.33,6.65,2.24,0.67,0.0,0.0,0.0,0.0,0.0,0.0,0.0,56
yoshinoya veggie beef bowl (reguler bowl),Tidak Diketahui,5 g,650.0,24.0,95.0,20.0,4.0,0.0,5.0,30.23,40.0,29.23,29.85,0.0,0.0,0.0,40.0,0.0,31.0,30.0,0.0,37
soyjoy fruit soy bar strawberry,PT. Amerta indah otsuka,3 g,40.0,4.0,19.0,4.5,11.0,30.0,3.0,6.05,6.67,5.85,6.72,2.0,10.0,0.0,0.0,0.0,0.0,7.0,10.0,58
teajus rasa lemon,PT. Karunia Alam Segar,0 g,0.0,0.0,6.0,0.0,5.0,0.0,0.0,1.16,0.0,1.85,0.0,0.0,0.0,0.0,0.0,2.0,2.0,0.0,0.0,45
nasi gemuk,Tidak Diketahui,1.60 g,192.0,3.8,24.4,8.8,0.0,355.0,0.7,8.93,6.33,7.51,13.13,23.67,0.0,0.0,0.0,0.0,0.0,0.0,0.0,10
frisian flag coconut delight,PT. Frisian Flag Indonesia,6 g,160.0,6.0,25.0,5.0,14.0,95.0,0.0,7.44,10.0,7.69,7.46,6.33,0.0,0.0,10.0,8.0,0.0,8.0,0.0,76
"gudeg,sayur",Tidak Diketahui,2.10 g,160.0,3.3,16.0,9.2,0.0,0.0,2.3,7.44,5.5,4.92,13.73,0.0,0.0,0.0,0.0,0.0,0.0,0.0,0.0,48
bumbu nasi goreng royco,PT. Agri Wangi Indonesia,0 g,10.0,0.0,2.0,0.0,0.0,520.0,0.0,0.47,0.0,0.62,0.0,34.67,0.0,35.0,0.0,1.0,1.0,0.0,0.0,62
sarden abc extra pedas,Tidak Diketahui,9 g,5.0,9.0,3.0,1.0,0.0,260.0,0.0,0.23,15.0,0.92,1.49,17.33,0.0,18.0,15.0,0.0,0.0,0.0,0.0,48
"ketan, ketupat",Tidak Diketahui,0.90 g,212.0,4.0,38.6,4.6,0.0,0.0,0.2,9.86,6.67,11.88,6.87,0.0,0.0,0.0,0.0,0.0,0.0,0.0,0.0,47
gowell sereal & susu rasa taro,PT. Indofood Sukses Makmur Tbk,2 g,120.0,2.0,23.0,2.5,0.0,165.0,0.0,5.58,3.33,7.08,3.73,11.0,0.0,11.0,0.0,8.0,6.0,0.0,0.0,65
subway spicy italian sandwich,Tidak Diketahui,3 g,470.0,19.0,43.0,24.0,6.0,0.0,3.0,21.86,31.67,13.23,35.82,0.0,0.0,0.0,32.0,0.0,22.0,36.0,0.0,55
srikaya,Tidak Diketahui,1.10 g,63.0,1.1,13.9,0.5,0.0,0.0,2.1,2.93,1.83,4.28,0.75,0.0,0.0,0.0,0.0,0.0,0.0,0.0,0.0,65
"markisa, segar",Tidak Diketahui,0.80 g,144.0,3.5,29.8,1.2,0.0,37.0,11.4,6.7,5.83,9.17,1.79,2.47,0.0,0.0,0.0,0.0,0.0,0.0,0.0,31
kacang kapri segar,Tidak Diketahui,0.90 g,98.0,6.7,17.7,0.4,0.0,6.0,6.2,4.56,11.17,5.45,0.6,0.4,0.0,0.0,0.0,0.0,0.0,0.0,0.0,75
"kapri muda, segar",Tidak Diketahui,0.70 g,45.0,3.3,9.0,0.2,0.0,2.0,1.8,2.09,5.5,2.77,0.3,0.13,0.0,0.0,0.0,0.0,0.0,0.0,0.0,25
cadbury dairy milk,PT. Cadbury Indonesia,2 g,160.0,2.0,18.0,2.0,15.0,0.0,0.0,7.44,3.33,5.54,2.99,0.0,0.0,0.0,4.0,6.0,8.0,0.0,0.0,21
coklat delfi dairy milk,PT. Petra Food,2 g,150.0,2.0,15.0,9.0,12.0,0.0,0.0,6.98,3.33,4.62,13.43,0.0,0.0,0.0,0.0,5.0,7.0,14.0,0.0,41
"pencok lele, masakan",Tidak Diketahui,4.90 g,372.0,7.8,3.5,36.3,0.0,0.0,0.0,17.3,13.0,1.08,54.18,0.0,0.0,0.0,0.0,0.0,0.0,0.0,0.0,37
"daun bangun-bangun, segar",Tidak Diketahui,1.60 g,27.0,1.3,4.0,0.6,0.0,4.0,1.0,1.26,2.17,1.23,0.9,0.27,0.0,0.0,0.0,0.0,0.0,0.0,0.0,23
"daun bawang merah, segar",Tidak Diketahui,0.80 g,41.0,2.0,7.8,0.3,0.0,30.0,2.1,1.91,3.33,2.4,0.45,2.0,0.0,0.0,0.0,0.0,0.0,0.0,0.0,28
"daun belem, segar",Tidak Diketahui,1.80 g,50.0,4.4,7.8,1.4,0.0,0.0,1.9,2.33,7.33,2.4,2.09,0.0,0.0,0.0,0.0,0.0,0.0,0.0,0.0,67
"daun singkong kopang, segar",Tidak Diketahui,1.20 g,74.0,6.3,10.7,0.7,0.0,32.0,4.6,3.44,10.5,3.29,1.04,2.13,0.0,0.0,0.0,0.0,0.0,0.0,0.0,77
"mangga kopek, segar",Tidak Diketahui,0.30 g,56.0,0.4,14.6,0.2,0.0,2.0,2.0,2.6,0.67,4.49,0.3,0.13,0.0,0.0,0.0,0.0,0.0,0.0,0.0,78
"pisang mas bali kopang, segar",Tidak Diketahui,2.40 g,127.0,1.4,31.8,0.2,0.0,43.0,3.7,5.91,2.33,9.78,0.3,2.87,0.0,0.0,0.0,0.0,0.0,0.0,0.0,77
yoshinoya beef bowl (reguler bowl),Tidak Diketahui,3 g,730.0,30.0,91.0,27.0,5.0,0.0,3.0,33.95,50.0,28.0,40.3,0.0,0.0,0.0,50.0,0.0,34.0,41.0,0.0,41
yoshinoya teriyaki (reguler bowl),Tidak Diketahui,5 g,790.0,48.0,110.0,18.0,16.0,0.0,5.0,36.74,80.0,33.85,26.87,0.0,0.0,0.0,80.0,34.0,37.0,0.0,0.0,40
chatime milk tea(no sugar),Tidak Diketahui,1.50 g,142.0,1.5,5.0,13.0,1.0,0.0,0.0,6.6,2.5,1.54,19.4,0.0,0.0,0.0,3.0,0.0,7.0,20.0,0.0,66
"sapi, usus, segar",Tidak Diketahui,0.60 g,126.0,14.0,1.5,7.2,0.0,0.0,0.0,5.86,23.33,0.46,10.75,0.0,0.0,0.0,0.0,0.0,0.0,0.0,0.0,17
"ayam, usus, goreng",Tidak Diketahui,10.10 g,473.0,45.2,13.9,26.3,0.0,0.0,0.0,22.0,75.33,4.28,39.25,0.0,0.0,0.0,0.0,0.0,0.0,0.0,0.0,47
"sapi, daging, lemak, sedang, segar",Tidak Diketahui,1.20 g,201.0,18.8,0.0,14.0,0.0,105.0,0.0,9.35,31.33,0.0,20.9,7.0,0.0,0.0,0.0,0.0,0.0,0.0,0.0,14
"sereal energen ""kacang hijau""",Tidak Diketahui,1 g,25.0,2.0,24.0,3.0,16.0,70.0,1.0,6.05,3.33,7.38,4.48,4.67,5.0,0.0,0.0,8.0,7.0,0.0,0.0,63
energen oat milk,PT. Mayora Indah Tbk.,2 g,100.0,3.0,16.0,2.0,1.0,0.0,2.0,4.65,5.0,4.92,2.99,0.0,0.0,0.0,5.0,5.0,0.0,0.0,7.0,18
"sop saudara, masakan",Tidak Diketahui,1.50 g,89.0,7.2,3.9,5.0,0.0,274.0,0.0,4.14,12.0,1.2,7.46,18.27,0.0,0.0,0.0,0.0,0.0,0.0,0.0,39
saus sambal,Tidak Diketahui,0 g,27.0,0.0,6.7,0.0,6.5,0.0,0.0,1.26,0.0,2.06,0.0,0.0,0.0,0.0,0.0,3.0,2.0,0.0,0.0,65
saus tomat,Tidak Diketahui,0.18 g,17.0,0.18,4.66,0.02,3.62,0.0,0.0,0.79,0.3,1.43,0.03,0.0,0.0,0.0,1.0,2.0,1.0,0.0,0.0,47
saus teriyaki,Tidak Diketahui,0 g,15.0,0.0,4.0,0.0,3.0,0.0,0.0,0.7,0.0,1.23,0.0,0.0,0.0,0.0,0.0,2.0,1.0,0.0,0.0,49
"jagung muda / semi, segar",Tidak Diketahui,0.80 g,35.0,2.2,7.4,0.1,0.0,353.0,1.9,1.63,3.67,2.28,0.15,23.53,0.0,0.0,0.0,0.0,0.0,0.0,0.0,23
"kesemek, segar",Tidak Diketahui,0.60 g,78.0,0.8,20.0,0.4,0.0,0.0,0.6,3.63,1.33,6.15,0.6,0.0,0.0,0.0,0.0,0.0,0.0,0.0,0.0,72
chatime milk tea,Tidak Diketahui,1.50 g,302.0,1.5,44.5,13.0,39.5,0.0,0.0,14.05,2.5,13.69,19.4,0.0,0.0,0.0,0.0,14.0,15.0,20.0,0.0,43
chatime mango smoothie,Tidak Diketahui,0.50 g,228.0,0.5,55.5,0.5,54.0,0.0,0.0,10.6,0.83,17.08,0.75,0.0,0.0,0.0,1.0,18.0,11.0,0.0,0.0,16
chatime matcha red bean smoothie,Tidak Diketahui,4.50 g,384.0,4.5,67.0,10.5,58.0,0.0,0.0,17.86,7.5,20.62,15.67,0.0,0.0,0.0,0.0,21.0,18.0,16.0,0.0,73
"buah rukam, segar",Tidak Diketahui,0.80 g,113.0,0.8,26.8,0.3,0.0,2.0,7.7,5.26,1.33,8.25,0.45,0.13,0.0,0.0,0.0,0.0,0.0,0.0,0.0,71
daging kambing (segar),Tidak Diketahui,3.90 g,149.0,16.6,0.0,9.2,0.0,96.0,0.0,6.93,27.67,0.0,13.73,6.4,0.0,0.0,0.0,0.0,0.0,0.0,0.0,77
gulai kambing,Tidak Diketahui,1.80 g,126.0,4.2,6.2,9.4,0.0,302.0,0.0,5.86,7.0,1.91,14.03,20.13,0.0,0.0,0.0,0.0,0.0,0.0,0.0,80
"sop kambing, masakan",Tidak Diketahui,1 g,34.0,5.5,1.1,0.8,0.0,348.0,0.0,1.58,9.17,0.34,1.19,23.2,0.0,0.0,0.0,0.0,0.0,0.0,0.0,69
kacang tanah sari,Tidak Diketahui,2.60 g,561.0,25.5,26.0,43.8,0.0,0.0,2.2,26.09,42.5,8.0,65.37,0.0,0.0,0.0,0.0,0.0,0.0,0.0,0.0,33
"saridele, bubuk",Tidak Diketahui,4 g,344.0,30.0,43.0,20.0,0.0,56.0,6.2,16.0,50.0,13.23,29.85,3.73,0.0,0.0,0.0,0.0,0.0,0.0,0.0,62
tempe pasar,Tidak Diketahui,0.90 g,150.0,14.0,9.1,7.7,0.0,7.0,1.4,6.98,23.33,2.8,11.49,0.47,0.0,0.0,0.0,0.0,0.0,0.0,0.0,65
diabetasol (vanilla malt),PT. Kalbe Nutritional,3 g,170.0,8.0,26.0,4.0,0.0,0.0,3.0,7.91,13.33,8.0,5.97,0.0,0.0,0.0,14.0,8.0,0.0,0.0,10.0,18
"ayam goreng pasundan, paha",Tidak Diketahui,2.50 g,245.0,33.1,0.3,11.4,0.0,0.0,0.0,11.4,55.17,0.09,17.01,0.0,0.0,0.0,0.0,0.0,0.0,0.0,0.0,70
"ayam goreng pasundan, dada",Tidak Diketahui,2.30 g,246.0,37.9,0.7,9.0,0.0,0.0,0.0,11.44,63.17,0.22,13.43,0.0,0.0,0.0,0.0,0.0,0.0,0.0,0.0,45
minyak wijen,Tidak Diketahui,0 g,881.0,0.2,0.0,99.7,0.0,2.0,0.0,40.98,0.33,0.0,148.81,0.13,0.0,0.0,0.0,0.0,0.0,0.0,0.0,55
indomie soto padang,PT. Indofood CBP Sukses Makmur Tbk.,6 g,330.0,8.0,44.0,14.0,0.0,0.0,6.0,15.35,13.33,13.54,20.9,0.0,0.0,0.0,0.0,0.0,16.0,21.0,20.0,20
batatas kelapa bakar,Tidak Diketahui,0.70 g,110.0,1.4,23.4,1.1,0.0,12.0,4.5,5.12,2.33,7.2,1.64,0.8,0.0,0.0,0.0,0.0,0.0,0.0,0.0,71
selai nutella,Tidak Diketahui,2 g,200.0,2.0,23.0,12.0,0.0,0.0,0.0,9.3,3.33,7.08,17.91,0.0,0.0,0.0,0.0,8.0,10.0,18.0,0.0,59
peanut,Tidak Diketahui,8.50 g,567.0,25.8,16.13,49.24,0.0,0.0,8.5,26.37,43.0,4.96,73.49,0.0,0.0,0.0,0.0,0.0,0.0,0.0,0.0,70
kacang walnut,Tidak Diketahui,6.70 g,654.0,15.23,13.71,65.21,0.0,0.0,6.7,30.42,25.38,4.22,97.33,0.0,0.0,0.0,0.0,0.0,0.0,0.0,0.0,14
"langsat, segar",Tidak Diketahui,0.50 g,56.0,0.9,14.3,0.2,0.0,1.0,1.4,2.6,1.5,4.4,0.3,0.07,0.0,0.0,0.0,0.0,0.0,0.0,0.0,33
bubur sagu,Tidak Diketahui,0.30 g,167.0,0.2,33.0,4.0,0.0,7.0,0.0,7.77,0.33,10.15,5.97,0.47,0.0,0.0,0.0,0.0,0.0,0.0,0.0,30
"burung, sarang, segar",Tidak Diketahui,5.30 g,281.0,37.5,32.1,0.3,0.0,0.0,0.0,13.07,62.5,9.88,0.45,0.0,0.0,0.0,0.0,0.0,0.0,0.0,0.0,72
promina smooth kacang hijau,PT. Indofood CBP Sukses Makmur Tbk.,8 g,210.0,8.0,35.0,4.5,0.0,150.0,0.0,9.77,13.33,10.77,6.72,10.0,0.0,10.0,14.0,11.0,0.0,0.0,0.0,38
prunes (kering),Tidak Diketahui,7.10 g,240.0,2.18,63.88,0.38,0.0,0.0,7.1,11.16,3.63,19.66,0.57,0.0,0.0,0.0,0.0,0.0,0.0,0.0,0.0,16
minyak ikan,Tidak Diketahui,0 g,902.0,0.0,0.0,100.0,0.0,0.0,0.0,41.95,0.0,0.0,149.25,0.0,0.0,0.0,0.0,0.0,0.0,0.0,0.0,42
minyak kacang tanah,Tidak Diketahui,0 g,902.0,0.0,0.0,100.0,0.0,0.0,0.0,41.95,0.0,0.0,149.25,0.0,0.0,0.0,0.0,0.0,0.0,0.0,0.0,58
salak pondoh,Tidak Diketahui,0.80 g,87.0,0.8,20.1,0.4,0.0,0.0,0.0,4.05,1.33,6.18,0.6,0.0,0.0,0.0,0.0,0.0,0.0,0.0,0.0,72
"almond, kacang almond",Tidak Diketahui,9.70 g,613.0,19.3,16.13,54.84,0.0,710.0,9.7,28.51,32.17,4.96,81.85,47.33,0.0,0.0,0.0,0.0,0.0,0.0,0.0,49
"chikiniku, masakan",Tidak Diketahui,0.60 g,143.0,9.8,22.8,1.4,0.0,531.0,0.4,6.65,16.33,7.02,2.09,35.4,0.0,0.0,0.0,0.0,0.0,0.0,0.0,11
lumpia sayur,Tidak Diketahui,0.60 g,63.0,1.99,7.44,2.84,0.75,207.0,0.6,2.93,3.32,2.29,4.24,13.8,0.0,14.0,0.0,0.0,0.0,5.0,0.0,25
lumpia ayam,Tidak Diketahui,0.50 g,65.0,3.03,7.12,2.61,0.37,124.0,0.5,3.02,5.05,2.19,3.9,8.27,0.0,9.0,6.0,0.0,0.0,0.0,0.0,38
hokben bento special 1,Tidak Diketahui,24.20 g,612.0,24.2,74.8,23.6,0.0,0.0,0.0,28.47,40.33,23.02,35.22,0.0,0.0,0.0,41.0,0.0,29.0,36.0,0.0,14
hokben paket b,Tidak Diketahui,26.30 g,522.0,26.3,52.8,22.4,0.0,0.0,0.0,24.28,43.83,16.25,33.43,0.0,0.0,0.0,44.0,0.0,25.0,34.0,0.0,44
hoka hemat 4,Tidak Diketahui,20.30 g,413.0,20.3,47.2,15.3,0.0,0.0,0.0,19.21,33.83,14.52,22.84,0.0,0.0,0.0,34.0,0.0,20.0,23.0,0.0,56
hokben paket c,Tidak Diketahui,35.40 g,625.0,35.4,64.0,24.1,0.0,0.0,0.0,29.07,59.0,19.69,35.97,0.0,0.0,0.0,59.0,0.0,30.0,36.0,0.0,18
"tekwan, masakan",Tidak Diketahui,1.10 g,53.0,1.9,9.4,0.9,0.0,173.6,0.0,2.47,3.17,2.89,1.34,11.57,0.0,0.0,0.0,0.0,0.0,0.0,0.0,40
kwark / bagot,Tidak Diketahui,2 g,242.0,19.0,3.0,17.0,0.0,37.0,0.0,11.26,31.67,0.92,25.37,2.47,0.0,0.0,0.0,0.0,0.0,0.0,0.0,33
"sawi hijau, segar",Tidak Diketahui,1.20 g,28.0,2.3,4.0,0.3,0.0,22.0,2.5,1.3,3.83,1.23,0.45,1.47,0.0,0.0,0.0,0.0,0.0,0.0,0.0,11
"sawi putih / pecai, segar",Tidak Diketahui,0.60 g,9.0,1.0,1.7,0.1,0.0,5.0,0.8,0.42,1.67,0.52,0.15,0.33,0.0,0.0,0.0,0.0,0.0,0.0,0.0,49
san remo pasta sauce bolognese mushroom,PT. Sukanda djaya,2.10 g,77.0,2.1,8.6,3.6,4.8,0.0,0.0,3.58,3.5,2.65,5.37,0.0,0.0,0.0,4.0,0.0,4.0,6.0,0.0,32
pasta la fonte spaghetti with bolognese sauce,PT. Indofood CBP Sukses Makmur Tbk.,6 g,420.0,10.0,93.0,0.0,0.0,0.0,6.0,19.53,16.67,28.62,0.0,0.0,0.0,0.0,0.0,29.0,20.0,0.0,20.0,62
la pasta royale cheese bolognese,PT. Bogasari,8 g,340.0,10.0,64.0,6.0,10.0,0.0,8.0,15.81,16.67,19.69,8.96,0.0,0.0,0.0,17.0,20.0,0.0,0.0,27.0,45
mr.p garlic peanut,PT. Mitrasatrya Perkasautama,6 g,240.0,6.0,14.0,17.0,0.0,0.0,0.0,11.16,10.0,4.31,25.37,0.0,0.0,0.0,10.0,0.0,12.0,26.0,0.0,73
mr. bread roti manis pandan coklat srikaya,PT. Mr. Bread Company,7 g,330.0,7.0,50.0,11.0,12.0,330.0,0.0,15.35,11.67,15.38,16.42,22.0,0.0,22.0,0.0,16.0,0.0,17.0,0.0,17
"mangga kwini, segar",Tidak Diketahui,0.40 g,86.0,0.7,19.8,0.5,0.0,1.0,6.5,4.0,1.17,6.09,0.75,0.07,0.0,0.0,0.0,0.0,0.0,0.0,0.0,26
wine,Tidak Diketahui,0.07 g,83.0,0.07,2.72,0.0,0.0,0.0,0.0,3.86,0.12,0.84,0.0,0.0,0.0,0.0,1.0,1.0,4.0,0.0,0.0,52
sonice chicken wing,PT. So Good Food Manufacturing,20 g,220.0,20.0,4.0,14.0,0.0,0.0,0.0,10.23,33.33,1.23,20.9,0.0,0.0,0.0,34.0,0.0,11.0,21.0,0.0,28
"ikan cakalang, perut, segar",Tidak Diketahui,0.90 g,86.0,10.2,8.7,1.1,0.0,230.0,0.0,4.0,17.0,2.68,1.64,15.33,0.0,0.0,0.0,0.0,0.0,0.0,0.0,66
pizza hut super supreme,PT. Sarimelati kencana Tbk,3 g,410.0,16.0,37.0,22.0,2.0,0.0,3.0,19.07,26.67,11.38,32.84,0.0,0.0,0.0,27.0,0.0,20.0,33.0,0.0,61
"apel malang, segar",Tidak Diketahui,0.30 g,57.0,0.5,12.8,0.4,0.0,3.6,0.8,2.65,0.83,3.94,0.6,0.24,0.0,0.0,0.0,0.0,0.0,0.0,0.0,68
"apel, segar",Tidak Diketahui,0.30 g,58.0,0.3,14.9,0.4,0.0,2.0,2.6,2.7,0.5,4.58,0.6,0.13,0.0,0.0,0.0,0.0,0.0,0.0,0.0,49
beetroot (mentah),Tidak Diketahui,1.61 g,43.0,1.61,9.56,0.17,0.0,0.0,0.0,2.0,2.68,2.94,0.25,0.0,0.0,0.0,0.0,0.0,0.0,0.0,0.0,61
french fries 2000 dengan saos sambal colek,Tidak Diketahui,0 g,45.0,0.0,8.0,1.5,0.0,125.0,0.0,2.09,0.0,2.46,2.24,8.33,0.0,9.0,0.0,3.0,0.0,3.0,0.0,23
saori saus mentega,PT. Inkenas Agung,0 g,0.0,0.0,2.0,0.0,0.0,200.0,0.0,0.47,0.0,0.62,0.0,13.33,0.0,14.0,0.0,1.0,1.0,0.0,0.0,60
pizza hut super supreme personal,PT. Sarimelati kencana Tbk,1 g,170.0,7.0,17.0,9.0,2.0,0.0,1.0,7.91,11.67,5.23,13.43,0.0,0.0,0.0,12.0,0.0,8.0,14.0,0.0,71
super bihun kuah,PT. Kuala Pangan,3 g,190.0,4.0,36.0,2.5,0.0,1190.0,3.0,8.84,6.67,11.08,3.73,79.33,13.0,80.0,0.0,12.0,0.0,0.0,0.0,28
super bihun goreng,PT. Kuala Pangan,4 g,250.0,4.0,46.0,5.0,3.0,0.0,4.0,11.63,6.67,14.15,7.46,0.0,0.0,0.0,0.0,15.0,12.0,0.0,14.0,38
burger carl's jr super star with cheese,Tidak Diketahui,4 g,920.0,48.0,59.0,56.0,13.0,0.0,4.0,42.79,80.0,18.15,83.58,0.0,0.0,0.0,80.0,0.0,43.0,84.0,0.0,44
coca cola,Tidak Diketahui,0.26 g,136.0,0.26,35.18,0.07,0.0,0.0,0.0,6.33,0.43,10.82,0.1,0.0,0.0,0.0,1.0,11.0,7.0,0.0,0.0,30
gulai pakis,Tidak Diketahui,2.60 g,143.0,4.0,6.0,11.4,0.0,0.0,1.4,6.65,6.67,1.85,17.01,0.0,0.0,0.0,0.0,0.0,0.0,0.0,0.0,16
hydro coco,PT. Kalbe Nutritional,7 g,60.0,0.0,18.0,0.0,10.0,0.0,7.0,2.79,0.0,5.54,0.0,0.0,0.0,0.0,0.0,6.0,3.0,0.0,24.0,22
"gulai ikan, masakan",Tidak Diketahui,2 g,106.0,16.5,2.5,3.3,0.0,743.0,0.0,4.93,27.5,0.77,4.93,49.53,0.0,0.0,0.0,0.0,0.0,0.0,0.0,49
tim tam chocolate,PT. Arrnott's Indonesia,2 g,150.0,2.0,21.0,7.0,0.0,0.0,0.0,6.98,3.33,6.46,10.45,0.0,0.0,0.0,0.0,7.0,7.0,11.0,0.0,57
loacker chocolate,PT. Petra food indonesia,7.70 g,511.0,7.7,59.0,26.0,0.0,0.0,0.0,23.77,12.83,18.15,38.81,0.0,0.0,0.0,0.0,19.0,24.0,39.0,0.0,64
tango chocolate,PT. Orang Tua (OT),1 g,100.0,1.0,14.0,4.0,0.0,0.0,0.0,4.65,1.67,4.31,5.97,0.0,0.0,0.0,0.0,5.0,5.0,6.0,0.0,18
"sapi, keleponan, segar",Tidak Diketahui,0.90 g,84.0,10.5,0.2,4.6,0.0,73.0,0.0,3.91,17.5,0.06,6.87,4.87,0.0,0.0,0.0,0.0,0.0,0.0,0.0,39
klepon,Tidak Diketahui,4.75 g,366.0,4.75,65.82,9.34,0.0,79.0,0.0,17.02,7.92,20.25,13.94,5.27,0.0,0.0,0.0,21.0,18.0,14.0,0.0,72
"pisang raja sereh, segar",Tidak Diketahui,1 g,108.0,1.3,28.2,0.3,0.0,31.0,0.7,5.02,2.17,8.68,0.45,2.07,0.0,0.0,0.0,0.0,0.0,0.0,0.0,24
"pisang raja, segar",Tidak Diketahui,1 g,120.0,1.2,31.8,0.2,0.0,35.0,5.3,5.58,2.0,9.78,0.3,2.33,0.0,0.0,0.0,0.0,0.0,0.0,0.0,32
geplak,Tidak Diketahui,1 g,350.0,1.4,53.6,14.4,0.0,0.0,1.8,16.28,2.33,16.49,21.49,0.0,0.0,0.0,0.0,0.0,0.0,0.0,0.0,35
"kalakai, segar",Tidak Diketahui,0.90 g,38.0,2.4,6.6,0.2,0.0,7.0,5.8,1.77,4.0,2.03,0.3,0.47,0.0,0.0,0.0,0.0,0.0,0.0,0.0,47
yakult,PT. Yakult Indonesia,1 g,50.0,1.0,11.0,0.0,10.0,0.0,0.0,2.33,1.67,3.38,0.0,0.0,0.0,0.0,2.0,4.0,3.0,0.0,0.0,32
cheesecake factory ultimate red velvet cake cheesecake,Tidak Diketahui,1 g,1570.0,14.0,125.0,116.0,105.0,0.0,1.0,73.02,23.33,38.46,173.13,0.0,0.0,0.0,0.0,39.0,74.0,174.0,0.0,65
susu kedelai v soy multigrain,PT. Sukanda djaya,6.10 g,169.0,6.1,20.4,6.9,16.3,0.0,0.0,7.86,10.17,6.28,10.3,0.0,0.0,0.0,11.0,0.0,8.0,11.0,0.0,48
multigrain bread,Tidak Diketahui,8 g,240.0,8.0,38.0,6.0,5.0,0.0,0.0,11.16,13.33,11.69,8.96,0.0,0.0,0.0,14.0,12.0,12.0,0.0,0.0,14
beberuk,Tidak Diketahui,1.10 g,65.0,1.1,3.5,5.2,0.0,53.0,3.1,3.02,1.83,1.08,7.76,3.53,0.0,0.0,0.0,0.0,0.0,0.0,0.0,39
"bebek, daging, goreng",Tidak Diketahui,2 g,300.0,24.0,4.5,20.7,0.0,34.0,0.0,13.95,40.0,1.38,30.9,2.27,0.0,0.0,0.0,0.0,0.0,0.0,0.0,60
sagu kasbi segar,Tidak Diketahui,0.20 g,230.0,0.6,56.5,0.2,0.0,100.0,3.0,10.7,1.0,17.38,0.3,6.67,0.0,0.0,0.0,0.0,0.0,0.0,0.0,16
"kedongdong masak, segar",Tidak Diketahui,0.60 g,46.0,1.0,10.3,0.1,0.0,2.0,2.6,2.14,1.67,3.17,0.15,0.13,0.0,0.0,0.0,0.0,0.0,0.0,0.0,55
tauji cap singa,Tidak Diketahui,6.20 g,277.0,9.1,49.6,4.7,0.0,0.0,1.2,12.88,15.17,15.26,7.01,0.0,0.0,0.0,0.0,0.0,0.0,0.0,0.0,31
"kawista, segar",Tidak Diketahui,1.40 g,120.0,3.5,20.8,2.5,0.0,9.0,4.6,5.58,5.83,6.4,3.73,0.6,0.0,0.0,0.0,0.0,0.0,0.0,0.0,55
so good almond milk original,PT. Sanitarium,0.70 g,74.0,1.4,9.0,3.4,8.6,0.0,0.7,3.44,2.33,2.77,5.07,0.0,0.0,0.0,0.0,3.0,4.0,6.0,0.0,25
susu almond so good almond milk unsweetend,PT. Sanitarium,0.80 g,41.0,1.4,0.8,3.5,0.3,0.0,0.8,1.91,2.33,0.25,5.22,0.0,0.0,0.0,3.0,0.0,0.0,6.0,3.0,31
pocky chocolate,PT. Glico Indonesia,3 g,230.0,3.0,32.0,10.0,12.0,0.0,0.0,10.7,5.0,9.85,14.93,0.0,0.0,0.0,0.0,10.0,11.0,15.0,0.0,72
pocky cookies dan cream,PT. Glico Indonesia,3 g,210.0,3.0,26.0,10.0,11.0,0.0,0.0,9.77,5.0,8.0,14.93,0.0,0.0,0.0,0.0,8.0,10.0,15.0,0.0,77
pocky strawberry,PT. Glico Indonesia,3 g,220.0,3.0,31.0,10.0,9.0,0.0,0.0,10.23,5.0,9.54,14.93,0.0,0.0,0.0,0.0,10.0,11.0,15.0,0.0,40
buavita royale sunshine carrot,"PT. Ultrajaya Milk Industry, Tbk",2 g,120.0,0.0,28.0,0.0,25.0,0.0,2.0,5.58,0.0,8.62,0.0,0.0,0.0,0.0,0.0,9.0,6.0,0.0,7.0,11
buavita royale chloro broccoli,"PT. Ultrajaya Milk Industry, Tbk",0 g,120.0,0.0,29.0,0.0,27.0,0.0,0.0,5.58,0.0,8.92,0.0,0.0,0.0,0.0,0.0,9.0,6.0,0.0,0.0,47
ades,PT. Akasha wira internasional Tbk,0 g,0.0,0.0,0.0,0.0,0.0,0.0,0.0,0.0,0.0,0.0,0.0,0.0,0.0,0.0,0.0,0.0,0.0,0.0,0.0,62
ademsari chingku,PT. Sari Enesis Indonesia,0 g,110.0,0.0,27.0,0.0,25.0,0.0,0.0,5.12,0.0,8.31,0.0,0.0,0.0,0.0,0.0,9.0,6.0,0.0,0.0,20
sprite (kaleng),Tidak Diketahui,0 g,100.0,0.0,25.0,0.0,25.0,0.0,0.0,4.65,0.0,7.69,0.0,0.0,0.0,0.0,0.0,8.0,5.0,0.0,0.0,32
chicken teriyaki,Tidak Diketahui,1.70 g,168.0,13.0,7.5,9.6,0.0,959.0,0.8,7.81,21.67,2.31,14.33,63.93,0.0,0.0,0.0,0.0,0.0,0.0,0.0,33
"kura-kura, segar",Tidak Diketahui,0.70 g,83.0,19.1,0.0,0.2,0.0,0.0,0.0,3.86,31.83,0.0,0.3,0.0,0.0,0.0,0.0,0.0,0.0,0.0,0.0,66
"kuro, segar",Tidak Diketahui,0.90 g,87.0,16.0,1.0,2.2,0.0,0.0,0.0,4.05,26.67,0.31,3.28,0.0,0.0,0.0,0.0,0.0,0.0,0.0,0.0,48
mcdonald cheeseburger,PT.Rekso Nasional Food,2 g,300.0,15.0,33.0,12.0,7.0,0.0,2.0,13.95,25.0,10.15,17.91,0.0,0.0,0.0,25.0,0.0,14.0,18.0,0.0,64
"sapi, babat, segar",Tidak Diketahui,1.50 g,108.0,17.6,0.0,4.2,0.0,147.0,0.0,5.02,29.33,0.0,6.27,9.8,0.0,0.0,0.0,0.0,0.0,0.0,0.0,16
mcdonald big mac burger,PT.Rekso Nasional Food,3 g,540.0,25.0,46.0,28.0,9.0,0.0,3.0,25.12,41.67,14.15,41.79,0.0,0.0,0.0,42.0,0.0,26.0,42.0,0.0,56
mcdonald hamburge,PT.Rekso Nasional Food,1 g,250.0,13.0,31.0,8.0,6.0,0.0,1.0,11.63,21.67,9.54,11.94,0.0,0.0,0.0,22.0,0.0,12.0,12.0,0.0,11
lovy cookies chocobutter,PT. Agel Langgeng,2 g,150.0,2.0,20.0,8.0,8.0,0.0,0.0,6.98,3.33,6.15,11.94,0.0,0.0,0.0,0.0,7.0,7.0,12.0,0.0,54
lovy cookies coffeeccino,PT. Agel Langgeng,2 g,150.0,2.0,20.0,7.0,7.0,0.0,0.0,6.98,3.33,6.15,10.45,0.0,0.0,0.0,0.0,7.0,7.0,11.0,0.0,44
susu bebelove 6-12bln,Tidak Diketahui,0.80 g,140.0,3.0,18.0,6.0,16.2,64.0,0.8,6.51,5.0,5.54,8.96,4.27,0.0,0.0,0.0,0.0,0.0,0.0,0.0,20
promina milky beras merah,PT. Indofood CBP Sukses Makmur Tbk.,8 g,210.0,8.0,35.0,4.5,0.0,150.0,0.0,9.77,13.33,10.77,6.72,10.0,0.0,10.0,14.0,11.0,0.0,0.0,0.0,74
promina pisang susu,PT. Indofood CBP Sukses Makmur Tbk.,8 g,210.0,8.0,35.0,4.5,0.0,150.0,0.0,9.77,13.33,10.77,6.72,10.0,0.0,10.0,14.0,11.0,0.0,0.0,0.0,14
"mangga indramayu, segar",Tidak Diketahui,0.10 g,72.0,0.8,18.7,0.2,0.0,3.0,2.5,3.35,1.33,5.75,0.3,0.2,0.0,0.0,0.0,0.0,0.0,0.0,0.0,77
maestro light mayonnaise,PT. Lasallefood Indonesia,0 g,50.0,0.0,7.0,5.0,0.0,130.0,0.0,3.72,0.0,2.15,7.46,8.67,5.0,9.0,0.0,0.0,0.0,8.0,0.0,63
"ikan pindang banjar,mentah",Tidak Diketahui,7 g,157.0,28.0,1.8,4.2,0.0,0.0,0.0,7.3,46.67,0.55,6.27,0.0,0.0,0.0,0.0,0.0,0.0,0.0,0.0,76
"ikan pindang benggol, mentah",Tidak Diketahui,7.80 g,170.0,31.0,0.0,4.2,0.0,0.0,0.0,7.91,51.67,0.0,6.27,0.0,0.0,0.0,0.0,0.0,0.0,0.0,0.0,35
"ikan pindang layang, mentah",Tidak Diketahui,7.20 g,153.0,30.0,0.0,2.8,0.0,0.0,0.0,7.12,50.0,0.0,4.18,0.0,0.0,0.0,0.0,0.0,0.0,0.0,0.0,56
la fonte fettuccine-30 pasta,Tidak Diketahui,2 g,0.0,8.0,45.0,0.0,3.0,40.0,2.0,10.23,13.33,13.85,0.0,2.67,0.0,0.0,14.0,14.0,11.0,0.0,0.0,45
"daun jampang, segar",Tidak Diketahui,1.50 g,34.0,3.8,5.3,0.5,0.0,0.0,1.4,1.58,6.33,1.63,0.75,0.0,0.0,0.0,0.0,0.0,0.0,0.0,0.0,71
sambal pecel,Tidak Diketahui,9 g,220.0,9.0,23.0,10.0,0.0,0.0,0.0,10.23,15.0,7.08,14.93,0.0,0.0,0.0,15.0,0.0,11.0,15.0,0.0,52
cerebrofort marine gummy strawberry,Tidak Diketahui,1 g,0.0,1.0,8.0,0.0,6.0,10.0,0.0,1.63,1.67,2.46,0.0,0.67,0.0,0.0,2.0,3.0,2.0,0.0,0.0,73
pecel sayur dengan lauk,Tidak Diketahui,25.17 g,408.0,25.17,27.07,25.18,0.0,272.0,0.0,18.98,41.95,8.33,37.58,18.13,0.0,0.0,42.0,0.0,19.0,38.0,0.0,58
teh celup sosro,PT. Sinar Sosro,0 g,0.0,0.0,0.0,0.0,0.0,0.0,0.0,0.0,0.0,0.0,0.0,0.0,0.0,0.0,0.0,0.0,0.0,0.0,0.0,34
teh cap dandang black tea,Tidak Diketahui,0 g,0.0,0.0,0.0,0.0,0.0,0.0,0.0,0.0,0.0,0.0,0.0,0.0,0.0,0.0,0.0,0.0,0.0,0.0,0.0,52
"bawang merah, segar",Tidak Diketahui,1 g,46.0,1.5,9.2,0.3,0.0,7.0,1.7,2.14,2.5,2.83,0.45,0.47,0.0,0.0,0.0,0.0,0.0,0.0,0.0,47
"bawang putih, segar",Tidak Diketahui,1.80 g,112.0,4.5,21.3,0.2,0.0,46.0,0.6,5.21,7.5,6.55,0.3,3.07,0.0,0.0,0.0,0.0,0.0,0.0,0.0,40
balichong,Tidak Diketahui,3.60 g,152.0,13.2,22.9,0.8,0.0,120.0,1.5,7.07,22.0,7.05,1.19,8.0,0.0,0.0,0.0,0.0,0.0,0.0,0.0,18
batatas kelapa kukus,Tidak Diketahui,1.80 g,92.0,1.2,21.0,0.3,0.0,10.0,4.1,4.28,2.0,6.46,0.45,0.67,0.0,0.0,0.0,0.0,0.0,0.0,0.0,20
kuaci rebo origial,PT. Gumindo Bogamanis,3 g,110.0,5.0,3.0,9.0,0.0,130.0,3.0,5.12,8.33,0.92,13.43,8.67,0.0,9.0,0.0,0.0,0.0,14.0,10.0,41
kfc original recipe dada,PT. Fast food indonesia,39 g,390.0,39.0,11.0,21.0,0.0,0.0,0.0,18.14,65.0,3.38,31.34,0.0,0.0,0.0,65.0,0.0,19.0,32.0,0.0,61
kfc original recipe paha bawah,PT. Fast food indonesia,12 g,130.0,12.0,4.0,8.0,0.0,0.0,0.0,6.05,20.0,1.23,11.94,0.0,0.0,0.0,20.0,0.0,7.0,12.0,0.0,34
kfc original recipe paha atas,PT. Fast food indonesia,19 g,280.0,19.0,8.0,19.0,0.0,0.0,0.0,13.02,31.67,2.46,28.36,0.0,0.0,0.0,32.0,0.0,14.0,29.0,0.0,63
kfc original recipe sayap,PT. Fast food indonesia,10 g,130.0,10.0,3.0,8.0,0.0,0.0,0.0,6.05,16.67,0.92,11.94,0.0,0.0,0.0,17.0,0.0,7.0,12.0,0.0,12
"keribang, ubi, segar",Tidak Diketahui,0.80 g,137.0,1.3,29.8,1.1,0.0,10.0,0.6,6.37,2.17,9.17,1.64,0.67,0.0,0.0,0.0,0.0,0.0,0.0,0.0,36
kue bangket,Tidak Diketahui,0.90 g,388.0,1.5,80.3,1.2,0.0,67.0,0.0,18.05,2.5,24.71,1.79,4.47,0.0,0.0,0.0,0.0,0.0,0.0,0.0,66
"lengkuas/boros laja, segar",Tidak Diketahui,1 g,26.0,1.0,4.7,0.3,0.0,24.0,1.1,1.21,1.67,1.45,0.45,1.6,0.0,0.0,0.0,0.0,0.0,0.0,0.0,27
cheesecake factory carrot cake,Tidak Diketahui,5 g,1710.0,15.0,146.0,122.0,117.0,0.0,5.0,79.53,25.0,44.92,182.09,0.0,0.0,0.0,0.0,45.0,80.0,183.0,0.0,64
tummy yogurt mango carrot,PT.Heavenly Blush,11 g,150.0,3.0,29.0,2.0,18.0,0.0,11.0,6.98,5.0,8.92,2.99,0.0,0.0,0.0,0.0,9.0,7.0,0.0,37.0,30
corn flakes,Tidak Diketahui,1 g,110.0,2.0,26.0,0.0,3.0,0.0,1.0,5.12,3.33,8.0,0.0,0.0,0.0,0.0,4.0,8.0,6.0,0.0,0.0,40
eskrim cornetto chocolate,PT. Andrawina Darma Manunggal Mulya,2 g,260.0,3.0,34.0,12.0,22.0,0.0,2.0,12.09,5.0,10.46,17.91,0.0,0.0,0.0,0.0,11.0,13.0,18.0,0.0,41
"kerokot, segar",Tidak Diketahui,1.10 g,26.0,1.7,3.8,0.4,0.0,4.0,1.0,1.21,2.83,1.17,0.6,0.27,0.0,0.0,0.0,0.0,0.0,0.0,0.0,17
coklat lindt 70% cocoa smooth dark,Tidak Diketahui,3 g,250.0,3.0,17.0,19.0,12.0,0.0,3.0,11.63,5.0,5.23,28.36,0.0,0.0,0.0,0.0,0.0,12.0,29.0,10.0,31
teh kotak less sugar,Tidak Diketahui,0 g,70.0,0.0,19.0,0.0,0.0,5.0,0.0,3.26,0.0,5.85,0.0,0.33,0.0,1.0,0.0,6.0,4.0,0.0,0.0,29
granola creation tropical fruit and nuts,PT. Lemonilo Indonesia Sehat,2 g,162.0,7.0,23.0,5.0,5.0,0.0,2.0,7.53,11.67,7.08,7.46,0.0,0.0,0.0,12.0,0.0,8.0,8.0,0.0,67
go natural fruit and nut delight,Tidak Diketahui,5.40 g,230.0,6.2,20.7,13.5,12.1,0.0,5.4,10.7,10.33,6.37,20.15,0.0,0.0,0.0,0.0,0.0,11.0,21.0,18.0,53
carman's fruit and nut,Tidak Diketahui,3.10 g,183.0,4.1,25.1,6.7,7.8,0.0,3.1,8.51,6.83,7.72,10.0,0.0,0.0,0.0,0.0,0.0,9.0,10.0,11.0,34
sonice chicken stick,PT. So Good Food Manufacturing,13 g,250.0,13.0,13.0,17.0,0.0,0.0,0.0,11.63,21.67,4.0,25.37,0.0,0.0,0.0,22.0,0.0,12.0,26.0,0.0,59
sonice chicken karage,PT. So Good Food Manufacturing,12 g,300.0,12.0,21.0,18.0,0.0,0.0,0.0,13.95,20.0,6.46,26.87,0.0,0.0,0.0,20.0,0.0,14.0,27.0,0.0,75
"ikan tongkol, segar",Tidak Diketahui,2.10 g,100.0,13.7,8.0,1.5,0.0,202.0,0.0,4.65,22.83,2.46,2.24,13.47,0.0,0.0,0.0,0.0,0.0,0.0,0.0,39
lontong,Tidak Diketahui,1.20 g,144.0,2.76,31.76,0.23,0.12,0.0,1.2,6.7,4.6,9.77,0.34,0.0,0.0,0.0,5.0,10.0,7.0,0.0,0.0,54
cimory soyamilk,PT. Cimory Indonesia,10 g,260.0,10.0,42.0,6.0,18.0,0.0,0.0,12.09,16.67,12.92,8.96,0.0,0.0,0.0,17.0,13.0,13.0,0.0,0.0,70
cimory yogurt set low fat,PT. Cimory Indonesia,5 g,60.0,5.0,8.0,1.5,0.0,0.0,0.0,2.79,8.33,2.46,2.24,0.0,0.0,0.0,9.0,3.0,3.0,0.0,0.0,65
cimory yogurt drink,PT. Cimory Indonesia,26 g,180.0,6.0,32.0,2.0,0.0,0.0,26.0,8.37,10.0,9.85,2.99,0.0,0.0,0.0,10.0,10.0,0.0,0.0,87.0,23
salak bali,Tidak Diketahui,0.70 g,57.0,0.5,13.6,0.1,0.0,0.0,1.3,2.65,0.83,4.18,0.15,0.0,0.0,0.0,0.0,0.0,0.0,0.0,0.0,69
salak medan,Tidak Diketahui,8.50 g,55.0,0.4,12.8,0.2,0.0,39.0,3.2,2.56,0.67,3.94,0.3,2.6,0.0,0.0,0.0,0.0,0.0,0.0,0.0,18
salak,Tidak Diketahui,0.70 g,77.0,0.4,20.9,0.0,0.0,0.0,0.0,3.58,0.67,6.43,0.0,0.0,0.0,0.0,0.0,0.0,0.0,0.0,0.0,35
"jamur tiram, segar",Tidak Diketahui,0.60 g,30.0,1.9,5.5,0.1,0.0,22.0,3.6,1.4,3.17,1.69,0.15,1.47,0.0,0.0,0.0,0.0,0.0,0.0,0.0,37
rujak cingur,Tidak Diketahui,1.40 g,153.0,11.3,8.0,8.4,0.0,0.0,1.4,7.12,18.83,2.46,12.54,0.0,0.0,0.0,0.0,0.0,0.0,0.0,0.0,66
"pisang angleng (pisang ampyang), segar",Tidak Diketahui,1 g,68.0,1.3,17.2,0.2,0.0,23.0,0.8,3.16,2.17,5.29,0.3,1.53,0.0,0.0,0.0,0.0,0.0,0.0,0.0,36
"anggur hutan, segar",Tidak Diketahui,0.20 g,30.0,0.5,6.8,0.2,0.0,0.0,1.2,1.4,0.83,2.09,0.3,0.0,0.0,0.0,0.0,0.0,0.0,0.0,0.0,18
"gurame asem manis, masakan",Tidak Diketahui,2.40 g,192.0,12.7,12.7,10.1,0.0,0.0,0.0,8.93,21.17,3.91,15.07,0.0,0.0,0.0,0.0,0.0,0.0,0.0,0.0,46
kopi kapal api special mix,Tidak Diketahui,1 g,100.0,1.0,23.0,1.0,0.0,10.0,0.0,4.65,1.67,7.08,1.49,0.67,0.0,0.0,2.0,8.0,5.0,0.0,0.0,34
wrp truil bar,PT.Nutrifood indonesia,2 g,80.0,1.0,14.0,3.5,7.0,0.0,2.0,3.72,1.67,4.31,5.22,0.0,0.0,0.0,0.0,5.0,0.0,6.0,7.0,80
wrp deli chips,PT. Indofood indonesia,3 g,210.0,1.0,26.0,11.0,1.0,0.0,3.0,9.77,1.67,8.0,16.42,0.0,0.0,0.0,0.0,0.0,10.0,17.0,10.0,10
arwan sirsir,Tidak Diketahui,2.90 g,277.0,2.4,10.7,25.0,0.0,240.0,4.6,12.88,4.0,3.29,37.31,16.0,0.0,0.0,0.0,0.0,0.0,0.0,0.0,77
sirsak,Tidak Diketahui,0.70 g,65.0,1.0,16.3,0.3,0.0,2.0,3.2,3.02,1.67,5.02,0.45,0.13,0.0,0.0,0.0,0.0,0.0,0.0,0.0,17
gula putih / gula pasir,Tidak Diketahui,0.60 g,394.0,0.0,94.0,0.0,0.0,1.0,0.0,18.33,0.0,28.92,0.0,0.07,0.0,0.0,0.0,0.0,0.0,0.0,0.0,59
sirup,Tidak Diketahui,1 g,213.0,0.0,55.0,0.0,0.0,3.0,0.0,9.91,0.0,16.92,0.0,0.2,0.0,0.0,0.0,0.0,0.0,0.0,0.0,19
yoghurt cimory,Tidak Diketahui,5 g,180.0,6.0,36.0,2.0,26.0,90.0,5.0,8.37,10.0,11.08,2.99,6.0,0.0,0.0,10.0,12.0,0.0,0.0,17.0,11
kelapa parut,Tidak Diketahui,3 g,283.0,3.0,10.0,27.0,0.0,0.0,0.0,13.16,5.0,3.08,40.3,0.0,0.0,0.0,5.0,0.0,14.0,41.0,0.0,77
"ikan layang, segar",Tidak Diketahui,2.30 g,109.0,22.0,0.0,1.7,0.0,0.0,0.0,5.07,36.67,0.0,2.54,0.0,0.0,0.0,0.0,0.0,0.0,0.0,0.0,31
"ikan layur, segar",Tidak Diketahui,0.50 g,82.0,18.0,0.4,1.0,0.0,0.0,0.0,3.81,30.0,0.12,1.49,0.0,0.0,0.0,0.0,0.0,0.0,0.0,0.0,18
lays krim dan bawang,PT. Indofoodd fretolay makmur,2 g,110.0,2.0,11.0,6.0,0.0,0.0,0.0,5.12,3.33,3.38,8.96,0.0,0.0,0.0,0.0,4.0,6.0,9.0,0.0,48
"bunga pepaya, segar",Tidak Diketahui,1.70 g,45.0,2.6,8.1,0.3,0.0,2.0,1.6,2.09,4.33,2.49,0.45,0.13,0.0,0.0,0.0,0.0,0.0,0.0,0.0,29
"daun kubis, kol, segar",Tidak Diketahui,2.20 g,51.0,2.5,8.0,1.1,0.0,50.0,3.4,2.37,4.17,2.46,1.64,3.33,0.0,0.0,0.0,0.0,0.0,0.0,0.0,66
"erbis, segar",Tidak Diketahui,0.50 g,70.0,0.6,18.9,0.0,0.0,21.0,7.7,3.26,1.0,5.82,0.0,1.4,0.0,0.0,0.0,0.0,0.0,0.0,0.0,23
"belibis, daging, segar",Tidak Diketahui,1.40 g,131.0,20.2,2.8,4.3,0.0,46.0,0.0,6.09,33.67,0.86,6.42,3.07,0.0,0.0,0.0,0.0,0.0,0.0,0.0,43
jagung titi,Tidak Diketahui,0.10 g,374.0,9.4,79.1,2.2,0.0,0.0,0.8,17.4,15.67,24.34,3.28,0.0,0.0,0.0,0.0,0.0,0.0,0.0,0.0,31
"kepiting, , segar",Tidak Diketahui,0.20 g,151.0,13.8,14.1,3.8,0.0,0.0,0.0,7.02,23.0,4.34,5.67,0.0,0.0,0.0,0.0,0.0,0.0,0.0,0.0,48
del monte barbaque sauce (250 g),Tidak Diketahui,0 g,60.0,0.0,14.0,0.0,10.0,880.0,0.0,2.79,0.0,4.31,0.0,58.67,0.0,59.0,0.0,5.0,3.0,0.0,0.0,27
kacang belimbing rebus,Tidak Diketahui,1.20 g,204.0,16.9,17.5,8.8,0.0,43.0,4.8,9.49,28.17,5.38,13.13,2.87,0.0,0.0,0.0,0.0,0.0,0.0,0.0,16
tempe kacang belimbing,Tidak Diketahui,1.40 g,212.0,17.5,12.9,10.0,0.0,0.0,2.9,9.86,29.17,3.97,14.93,0.0,0.0,0.0,0.0,0.0,0.0,0.0,0.0,32
"belimbing, segar",Tidak Diketahui,0.40 g,36.0,0.4,8.8,0.4,0.0,4.0,3.2,1.67,0.67,2.71,0.6,0.27,0.0,0.0,0.0,0.0,0.0,0.0,0.0,76
nutrisari es rujak,PT. Nutrifood Indonesia,0 g,50.0,0.0,12.0,0.0,10.0,150.0,0.0,2.33,0.0,3.69,0.0,10.0,0.0,0.0,0.0,0.0,0.0,0.0,0.0,65
rujak lontong,Tidak Diketahui,11.98 g,243.0,11.98,24.7,12.3,0.0,278.0,0.0,11.3,19.97,7.6,18.36,18.53,0.0,19.0,20.0,0.0,0.0,19.0,0.0,69
belitung kukus,Tidak Diketahui,1.10 g,145.0,1.2,34.2,0.4,0.0,7.0,1.0,6.74,2.0,10.52,0.6,0.47,0.0,0.0,0.0,0.0,0.0,0.0,0.0,16
enting-enting gepuk kacang tanah,Tidak Diketahui,1.40 g,524.0,13.3,52.0,29.2,0.0,0.0,0.2,24.37,22.17,16.0,43.58,0.0,0.0,0.0,0.0,0.0,0.0,0.0,0.0,27
"pisang kepok, segar",Tidak Diketahui,1 g,109.0,0.8,26.3,0.5,0.0,10.0,5.7,5.07,1.33,8.09,0.75,0.67,0.0,0.0,0.0,0.0,0.0,0.0,0.0,41
pisang kepok rebus,Tidak Diketahui,1.55 g,145.0,1.55,37.91,0.44,0.0,5.0,0.0,6.74,2.58,11.66,0.66,0.33,0.0,0.0,3.0,12.0,7.0,0.0,0.0,70
meiji plain crackers with oat,Meiji seika (s) Pte. Ltd. (diimpor oleh PT. Nirwana Lestari),2 g,120.0,3.0,19.0,3.5,0.0,120.0,2.0,5.58,5.0,5.85,5.22,8.0,8.0,8.0,0.0,0.0,0.0,0.0,7.0,78
meiji plain crackers (isi 4 bungkus),Meiji seika (s) Pte. Ltd. (diimpor oleh PT. Nirwana Lestari),2 g,120.0,3.0,19.0,3.5,1.0,125.0,2.0,5.58,5.0,5.85,5.22,8.33,8.0,9.0,0.0,0.0,0.0,0.0,7.0,80
barongko,Tidak Diketahui,0.70 g,159.0,3.1,23.5,5.8,0.0,46.0,0.0,7.4,5.17,7.23,8.66,3.07,0.0,0.0,0.0,0.0,0.0,0.0,0.0,65
"ikan baubara, segar",Tidak Diketahui,1.60 g,100.0,14.7,4.9,2.4,0.0,390.0,0.0,4.65,24.5,1.51,3.58,26.0,0.0,0.0,0.0,0.0,0.0,0.0,0.0,25
"ketumbar, kering",Tidak Diketahui,4.40 g,418.0,14.1,54.2,16.1,0.0,91.0,12.3,19.44,23.5,16.68,24.03,6.07,0.0,0.0,0.0,0.0,0.0,0.0,0.0,15
saladstop omega 3 baby,Tidak Diketahui,6.70 g,391.3,17.3,18.6,28.7,9.6,0.0,6.7,18.2,28.83,5.72,42.84,0.0,0.0,0.0,29.0,0.0,0.0,43.0,23.0,37
blue band,PT.Unilever Indonesia Tbk,0 g,90.0,0.0,0.0,10.0,0.0,125.0,0.0,4.19,0.0,0.0,14.93,8.33,20.0,0.0,0.0,0.0,0.0,15.0,0.0,61
gilus mix sensasi aroma pandan (isi 10 sachet),PT. TORABIKA EKA SEMESTA,1 g,90.0,1.0,21.0,0.5,17.0,0.0,0.0,4.19,1.67,6.46,0.75,0.0,0.0,0.0,2.0,7.0,5.0,0.0,0.0,28
sasa santan kelapa,PT. Sasa Inti,0 g,35.0,0.0,1.0,4.0,0.0,15.0,0.0,1.86,0.0,0.31,5.97,1.0,18.0,0.0,0.0,0.0,0.0,0.0,0.0,61
sasa santan kelapa coconut cream,Tidak Diketahui,0 g,35.0,0.0,1.0,4.0,0.0,15.0,0.0,1.86,0.0,0.31,5.97,1.0,18.0,0.0,0.0,0.0,2.0,6.0,0.0,58
sasa tepung bakwan,Tidak Diketahui,0 g,0.0,1.0,8.0,0.0,1.0,150.0,0.0,1.63,1.67,2.46,0.0,10.0,0.0,10.0,2.0,3.0,0.0,0.0,0.0,31
goldenfil choco crunchy,PT. Primarasa Abadi Sejahtera,1 g,30.0,1.0,13.0,6.0,10.0,20.0,0.0,5.12,1.67,4.0,8.96,1.33,18.0,0.0,0.0,0.0,6.0,9.0,0.0,15
san remo sauce tomato basil,PT. Sukanda djaya,2 g,96.0,2.0,11.5,4.6,7.4,0.0,0.0,4.47,3.33,3.54,6.87,0.0,0.0,0.0,0.0,4.0,5.0,7.0,0.0,11
silky pudding coklat,PT. Forisa Nusapersada,3 g,130.0,3.0,23.0,3.5,0.0,35.0,0.0,6.05,5.0,7.08,5.22,2.33,0.0,0.0,0.0,8.0,7.0,6.0,0.0,68
kacang kedelai rebus,Tidak Diketahui,2.10 g,189.0,20.2,12.7,8.2,0.0,181.0,1.6,8.79,33.67,3.91,12.24,12.07,0.0,0.0,0.0,0.0,0.0,0.0,0.0,34
"kacang komak, segar",Tidak Diketahui,2.60 g,327.0,16.4,55.8,4.3,0.0,22.0,0.5,15.21,27.33,17.17,6.42,1.47,0.0,0.0,0.0,0.0,0.0,0.0,0.0,16
emping komak,Tidak Diketahui,2.70 g,355.0,17.8,60.7,4.6,0.0,24.0,0.0,16.51,29.67,18.68,6.87,1.6,0.0,0.0,0.0,0.0,0.0,0.0,0.0,35
"komak, segar",Tidak Diketahui,1.10 g,99.0,3.3,21.2,0.1,0.0,15.0,10.3,4.6,5.5,6.52,0.15,1.0,0.0,0.0,0.0,0.0,0.0,0.0,0.0,67
chatime hazelnut milk tea,Tidak Diketahui,1 g,244.0,1.0,36.0,10.5,28.5,0.0,0.0,11.35,1.67,11.08,15.67,0.0,0.0,0.0,0.0,12.0,12.0,16.0,0.0,66
chatime hazelnut milk tea (no sugar),Tidak Diketahui,1 g,185.0,1.0,20.5,11.0,15.0,0.0,0.0,8.6,1.67,6.31,16.42,0.0,0.0,0.0,0.0,7.0,9.0,17.0,0.0,50
gastone lago poker wafer with hazelnut cream,Tidak Diketahui,1 g,130.0,1.0,17.0,6.0,0.0,35.0,0.0,6.05,1.67,5.23,8.96,2.33,0.0,0.0,0.0,6.0,7.0,9.0,0.0,27
"saga merah terkupas, mentah",Tidak Diketahui,3.90 g,449.0,30.6,31.9,25.5,0.0,66.0,3.5,20.88,51.0,9.82,38.06,4.4,0.0,0.0,0.0,0.0,0.0,0.0,0.0,11
mom's recipe silky pudding rasa peach (155 g),PT. Forisa Nusapersada,9 g,430.0,9.0,76.0,10.0,56.0,150.0,0.0,20.0,15.0,23.38,14.93,10.0,45.0,0.0,0.0,24.0,20.0,0.0,0.0,44
mom's recipe silky pudding rasa biskuit (155 g),PT. Forisa Nusapersada,7 g,440.0,7.0,75.0,13.0,51.0,320.0,0.0,20.47,11.67,23.08,19.4,21.33,60.0,22.0,0.0,24.0,0.0,0.0,0.0,67
mom's recipe silky pudding rasa cokelat (155 g),PT. Forisa Nusapersada,3 g,130.0,3.0,23.0,3.5,17.0,35.0,0.0,6.05,5.0,7.08,5.22,2.33,15.0,0.0,0.0,8.0,7.0,0.0,0.0,73
mom's recipe silky pudding rasa permen karet (155 g),PT. Forisa Nusapersada,3 g,130.0,3.0,24.0,3.0,17.0,40.0,0.0,6.05,5.0,7.38,4.48,2.67,13.0,0.0,0.0,8.0,7.0,0.0,0.0,15
kewpie mayonais original,Tidak Diketahui,1 g,100.0,1.0,0.0,11.0,0.0,70.0,0.0,4.65,1.67,0.0,16.42,4.67,0.0,5.0,0.0,0.0,5.0,17.0,0.0,56
kewpie thousand island,Tidak Diketahui,1 g,70.0,1.0,4.0,6.0,0.0,260.0,0.0,3.26,1.67,1.23,8.96,17.33,0.0,18.0,0.0,0.0,4.0,9.0,0.0,49
kewpie tomat pedas,Tidak Diketahui,1 g,80.0,1.0,5.0,6.0,0.0,350.0,0.0,3.72,1.67,1.54,8.96,23.33,0.0,24.0,0.0,0.0,4.0,9.0,0.0,74
kewpie wijen sangrai,Tidak Diketahui,1 g,90.0,1.0,5.0,7.0,0.0,190.0,0.0,4.19,1.67,1.54,10.45,12.67,0.0,13.0,0.0,0.0,5.0,11.0,0.0,57
"kentang, segar",Tidak Diketahui,0.80 g,62.0,2.1,13.5,0.2,0.0,7.0,0.5,2.88,3.5,4.15,0.3,0.47,0.0,0.0,0.0,0.0,0.0,0.0,0.0,78
happytos,Tidak Diketahui,1 g,144.0,2.0,16.0,7.0,0.0,0.0,1.0,6.7,3.33,4.92,10.45,0.0,0.0,0.0,0.0,0.0,7.0,11.0,0.0,28
japato potato chips rasa happy honey butter,Tidak Diketahui,1 g,100.0,1.0,13.0,5.0,0.0,270.0,0.0,4.65,1.67,4.0,7.46,18.0,0.0,18.0,0.0,0.0,5.0,8.0,0.0,54
happy tos corn chips,Tidak Diketahui,1 g,130.0,2.0,16.0,6.0,1.0,100.0,1.0,6.05,3.33,4.92,8.96,6.67,13.0,7.0,0.0,0.0,0.0,9.0,0.0,43
yoshinoya beef bowl (large bowl),Tidak Diketahui,5 g,1040.0,43.0,131.0,38.0,8.0,0.0,5.0,48.37,71.67,40.31,56.72,0.0,0.0,0.0,72.0,0.0,49.0,57.0,0.0,72
yoshinoya teriyaki (large bowl),Tidak Diketahui,9 g,1140.0,66.0,165.0,25.0,25.0,0.0,9.0,53.02,110.0,50.77,37.31,0.0,0.0,0.0,110.0,51.0,54.0,0.0,0.0,53
"daun sintrong, segar",Tidak Diketahui,1.90 g,36.0,2.6,6.1,0.9,0.0,64.0,1.7,1.67,4.33,1.88,1.34,4.27,0.0,0.0,0.0,0.0,0.0,0.0,0.0,45
"daun ubi tinta, segar",Tidak Diketahui,1.20 g,55.0,1.7,11.9,0.1,0.0,10.0,7.6,2.56,2.83,3.66,0.15,0.67,0.0,0.0,0.0,0.0,0.0,0.0,0.0,36
sukun muda,Tidak Diketahui,1 g,119.0,1.4,28.1,0.2,0.0,24.0,1.4,5.53,2.33,8.65,0.3,1.6,0.0,0.0,0.0,0.0,0.0,0.0,0.0,45
kacang tanah sangan tanpa selaput,Tidak Diketahui,2.70 g,559.0,26.9,23.6,44.2,0.0,33.0,2.6,26.0,44.83,7.26,65.97,2.2,0.0,0.0,0.0,0.0,0.0,0.0,0.0,51
"daun selasih, segar",Tidak Diketahui,1.90 g,62.0,4.0,10.5,0.5,0.0,3.0,5.3,2.88,6.67,3.23,0.75,0.2,0.0,0.0,0.0,0.0,0.0,0.0,0.0,21
"peterseli, segar",Tidak Diketahui,2.40 g,53.0,3.7,9.0,1.0,0.0,18.0,0.0,2.47,6.17,2.77,1.49,1.2,0.0,0.0,0.0,0.0,0.0,0.0,0.0,40
kenari kering,Tidak Diketahui,3 g,657.0,15.0,13.0,66.0,0.0,3.0,0.0,30.56,25.0,4.0,98.51,0.2,0.0,0.0,0.0,0.0,0.0,0.0,0.0,70
"pindang kenari, masakan",Tidak Diketahui,2.80 g,124.0,9.5,0.0,9.6,0.0,370.0,0.0,5.77,15.83,0.0,14.33,24.67,0.0,0.0,0.0,0.0,0.0,0.0,0.0,17
"daun pepaya, segar",Tidak Diketahui,2.70 g,87.0,8.0,11.9,2.0,0.0,4.0,1.5,4.05,13.33,3.66,2.99,0.27,0.0,0.0,0.0,0.0,0.0,0.0,0.0,56
"kabau, segar",Tidak Diketahui,0.60 g,130.0,6.7,25.2,0.3,0.0,1.0,2.9,6.05,11.17,7.75,0.45,0.07,0.0,0.0,0.0,0.0,0.0,0.0,0.0,56
"ayam goreng sukabumi, dada",Tidak Diketahui,3.40 g,244.0,36.7,1.0,9.2,0.0,0.0,0.0,11.35,61.17,0.31,13.73,0.0,0.0,0.0,0.0,0.0,0.0,0.0,0.0,78
"ayam goreng sukabumi, paha",Tidak Diketahui,3.60 g,283.0,35.7,0.5,14.3,0.0,0.0,0.0,13.16,59.5,0.15,21.34,0.0,0.0,0.0,0.0,0.0,0.0,0.0,0.0,12
jamur encik,Tidak Diketahui,2.70 g,296.0,9.4,62.0,0.1,0.0,2.0,0.0,13.77,15.67,19.08,0.15,0.13,0.0,0.0,0.0,0.0,0.0,0.0,0.0,46
french fries,Tidak Diketahui,4 g,380.0,5.0,53.0,17.0,0.0,0.0,4.0,17.67,8.33,16.31,25.37,0.0,0.0,0.0,0.0,17.0,18.0,26.0,0.0,42
curry croquette,Tidak Diketahui,1 g,180.0,1.0,21.0,9.0,1.0,0.0,1.0,8.37,1.67,6.46,13.43,0.0,0.0,0.0,0.0,7.0,9.0,14.0,0.0,39
jantung pisang segar,Tidak Diketahui,1.20 g,32.0,1.2,7.1,0.3,0.0,3.0,3.2,1.49,2.0,2.18,0.45,0.2,0.0,0.0,0.0,0.0,0.0,0.0,0.0,18
"jeruk nipis, segar",Tidak Diketahui,0.40 g,44.0,0.5,10.0,0.2,0.0,3.0,0.4,2.05,0.83,3.08,0.3,0.2,0.0,0.0,0.0,0.0,0.0,0.0,0.0,30
"pempek belida, masakan",Tidak Diketahui,1.40 g,156.0,4.2,31.6,1.4,0.0,0.0,0.2,7.26,7.0,9.72,2.09,0.0,0.0,0.0,0.0,0.0,0.0,0.0,0.0,73
"pempek kapal selam, masakan",Tidak Diketahui,1.60 g,152.0,4.5,28.2,2.3,0.0,628.0,0.0,7.07,7.5,8.68,3.43,41.87,0.0,0.0,0.0,0.0,0.0,0.0,0.0,55
"sapi, daleman, segar",Tidak Diketahui,2.10 g,183.0,12.0,1.4,14.4,0.0,277.0,0.0,8.51,20.0,0.43,21.49,18.47,0.0,0.0,0.0,0.0,0.0,0.0,0.0,13
ayam brand tuna dalam air,PT. Ayam brand Indonesia,13 g,50.0,13.0,0.0,0.0,0.0,0.0,0.0,2.33,21.67,0.0,0.0,0.0,0.0,0.0,22.0,0.0,3.0,0.0,0.0,68
"daun matel ambon, segar",Tidak Diketahui,3 g,71.0,6.8,11.5,1.6,0.0,0.0,4.6,3.3,11.33,3.54,2.39,0.0,0.0,0.0,0.0,0.0,0.0,0.0,0.0,12
"daun singkong ambon, segar",Tidak Diketahui,2.90 g,144.0,12.7,25.2,1.2,0.0,44.0,10.2,6.7,21.17,7.75,1.79,2.93,0.0,0.0,0.0,0.0,0.0,0.0,0.0,78
"pisang ambon, segar",Tidak Diketahui,1 g,108.0,1.0,24.3,0.8,0.0,10.0,1.9,5.02,1.67,7.48,1.19,0.67,0.0,0.0,0.0,0.0,0.0,0.0,0.0,46
wrp lose weight meal replacement,PT. Nutrifood Indonesia,3 g,15.0,14.0,35.0,1.5,16.0,260.0,3.0,9.77,23.33,10.77,2.24,17.33,0.0,18.0,24.0,0.0,0.0,0.0,0.0,38
ayam bacem,Tidak Diketahui,13.70 g,147.0,13.7,8.3,6.7,0.0,0.0,0.0,6.84,22.83,2.55,10.0,0.0,0.0,0.0,23.0,0.0,7.0,10.0,0.0,43
tahu bacem,Tidak Diketahui,1.90 g,24.0,1.9,1.09,1.47,0.0,34.0,0.0,1.12,3.17,0.34,2.19,2.27,0.0,3.0,4.0,0.0,0.0,3.0,0.0,70
cemcem pilus rasa keju panggang,Tidak Diketahui,1 g,100.0,1.0,13.0,5.0,0.0,270.0,0.0,4.65,1.67,4.0,7.46,18.0,0.0,18.0,0.0,0.0,5.0,8.0,0.0,50
pronas kornet ayam,PT. Canning Indonesia,2 g,70.0,5.0,5.0,3.0,0.0,0.0,2.0,3.26,8.33,1.54,4.48,0.0,0.0,0.0,9.0,0.0,0.0,5.0,7.0,30
"tebu terubuk (lilin), segar",Tidak Diketahui,1 g,30.0,4.6,3.0,0.4,0.0,699.0,0.8,1.4,7.67,0.92,0.6,46.6,0.0,0.0,0.0,0.0,0.0,0.0,0.0,62
bentul kukus,Tidak Diketahui,0.90 g,71.0,2.3,15.4,0.3,0.0,0.0,0.5,3.3,3.83,4.74,0.45,0.0,0.0,0.0,0.0,0.0,0.0,0.0,0.0,55
"nanas palembang, segar",Tidak Diketahui,0.30 g,58.0,0.7,13.3,0.2,0.0,7.0,1.6,2.7,1.17,4.09,0.3,0.47,0.0,0.0,0.0,0.0,0.0,0.0,0.0,72
"empal (daging) goreng, masakan",Tidak Diketahui,2 g,248.0,36.2,10.1,6.9,0.0,848.0,0.0,11.53,60.33,3.11,10.3,56.53,0.0,0.0,0.0,0.0,0.0,0.0,0.0,74
"ikan paling, segar",Tidak Diketahui,1 g,303.0,14.0,0.0,27.0,0.0,43.0,0.0,14.09,23.33,0.0,40.3,2.87,0.0,0.0,0.0,0.0,0.0,0.0,0.0,54
esprecielo caramel macchiato,CV. Esprecielo International,0 g,110.0,1.0,17.0,4.0,10.0,0.0,0.0,5.12,1.67,5.23,5.97,0.0,0.0,0.0,0.0,6.0,6.0,6.0,0.0,66
starbucks espresso brownie,Tidak Diketahui,4 g,370.0,4.0,43.0,21.0,30.0,115.0,0.0,17.21,6.67,13.23,31.34,7.67,0.0,0.0,0.0,14.0,18.0,32.0,0.0,13
piatos iga penyet,PT.URC,0 g,60.0,0.0,7.0,3.5,0.0,80.0,0.0,2.79,0.0,2.15,5.22,5.33,0.0,6.0,0.0,0.0,3.0,6.0,0.0,52
piattos iga penyet,PT. URC Indonesia,1 g,60.0,1.0,13.0,7.0,0.0,160.0,0.0,5.58,1.67,4.0,10.45,10.67,15.0,11.0,0.0,0.0,0.0,11.0,0.0,72
pia 100 rasa kacang hijau,Tidak Diketahui,2 g,100.0,2.0,17.0,3.0,0.0,15.0,0.0,4.65,3.33,5.23,4.48,1.0,0.0,0.0,0.0,6.0,5.0,5.0,0.0,79
japato potato chips rasa rumput laut,Tidak Diketahui,1 g,150.0,1.0,15.0,10.0,0.0,150.0,0.0,6.98,1.67,4.62,14.93,10.0,0.0,10.0,0.0,0.0,7.0,15.0,0.0,67
pork rib,Tidak Diketahui,19.90 g,211.0,19.9,0.0,12.01,0.0,0.0,0.0,9.81,33.17,0.0,17.93,0.0,0.0,0.0,0.0,0.0,0.0,0.0,0.0,72
kacang tanah sangan,Tidak Diketahui,2.10 g,560.0,29.5,24.1,43.0,0.0,34.0,2.9,26.05,49.17,7.42,64.18,2.27,0.0,0.0,0.0,0.0,0.0,0.0,0.0,55
frozen food puff pastry sheet,Tidak Diketahui,3 g,200.0,3.0,18.0,13.0,0.0,0.0,0.0,9.3,5.0,5.54,19.4,0.0,0.0,0.0,0.0,6.0,10.0,20.0,0.0,48
cheetos puffs,PT. Frito Lay,0.90 g,160.0,2.0,16.0,10.0,0.9,0.0,0.9,7.44,3.33,4.92,14.93,0.0,0.0,0.0,0.0,5.0,8.0,15.0,0.0,51
promina puff rasa blueberry,Tidak Diketahui,1 g,80.0,1.0,10.0,3.0,0.0,0.0,0.0,3.72,1.67,3.08,4.48,0.0,0.0,0.0,0.0,4.0,4.0,5.0,0.0,12
floridina orange pulp & coco bitz,PT. Tirta Alam Segar,0 g,90.0,0.0,21.0,0.0,19.0,25.0,0.0,4.19,0.0,6.46,0.0,1.67,0.0,2.0,0.0,7.0,5.0,0.0,0.0,26
minute maid pulpy rasa jambu,PT. Coca-cola bottling indonesia,0 g,0.0,0.0,23.0,0.0,22.0,20.0,0.0,4.19,0.0,7.08,0.0,1.33,0.0,2.0,0.0,8.0,5.0,0.0,0.0,29
minute maid pulpy rasa jeruk,PT. Coca-cola bottling indonesia,0 g,130.0,0.0,34.0,0.0,27.0,45.0,0.0,6.05,0.0,10.46,0.0,3.0,0.0,3.0,0.0,11.0,7.0,0.0,0.0,52
minute maid pulpy rasa anggur dengan nata de coco,PT. Coca-cola bottling indonesia,0 g,0.0,0.0,28.0,0.0,24.0,10.0,0.0,5.12,0.0,8.62,0.0,0.67,0.0,1.0,0.0,9.0,6.0,0.0,0.0,50
kentang rebus,Tidak Diketahui,2.50 g,76.0,1.37,17.72,0.14,5.74,27.0,2.5,3.53,2.28,5.45,0.21,1.8,0.0,0.0,0.0,0.0,0.0,0.0,9.0,60
"ikan cakalang, segar",Tidak Diketahui,1.20 g,107.0,19.6,5.5,0.7,0.0,66.0,0.0,4.98,32.67,1.69,1.04,4.4,0.0,0.0,0.0,0.0,0.0,0.0,0.0,17
jawara cabai tabur jambal,Tidak Diketahui,0 g,10.0,0.0,2.0,0.0,0.0,150.0,0.0,0.47,0.0,0.62,0.0,10.0,0.0,10.0,0.0,1.0,1.0,0.0,0.0,63
jawara cabai tabur bawang goreng,Tidak Diketahui,0 g,10.0,0.0,2.0,0.0,0.0,150.0,0.0,0.47,0.0,0.62,0.0,10.0,0.0,10.0,0.0,1.0,1.0,0.0,0.0,22
red bull,Tidak Diketahui,0 g,112.0,0.0,28.0,0.0,0.0,0.0,0.0,5.21,0.0,8.62,0.0,0.0,0.0,0.0,0.0,9.0,6.0,0.0,0.0,19
sushi red bull roll,Tidak Diketahui,1 g,484.0,28.0,72.0,7.5,28.0,0.0,1.0,22.51,46.67,22.15,11.19,0.0,0.0,0.0,47.0,23.0,23.0,0.0,0.0,22
oreo soft cake,PT. Kraft foods Indonesia,1 g,80.0,1.0,8.0,5.0,0.0,50.0,0.0,3.72,1.67,2.46,7.46,3.33,0.0,4.0,0.0,0.0,4.0,8.0,0.0,37
koko krunch,PT. Nestle Indonesia,1 g,110.0,2.0,23.0,1.0,9.0,0.0,1.0,5.12,3.33,7.08,1.49,0.0,0.0,0.0,4.0,8.0,6.0,0.0,0.0,14
krupuk udang ny. siok (mentah),Tidak Diketahui,2 g,70.0,2.0,16.0,0.0,2.0,260.0,0.0,3.26,3.33,4.92,0.0,17.33,0.0,18.0,4.0,5.0,0.0,0.0,0.0,22
cookies oat krunch coklat gelap,PT. Munchy's Indonesia,2 g,120.0,2.0,18.0,4.5,6.0,0.0,2.0,5.58,3.33,5.54,6.72,0.0,0.0,0.0,0.0,0.0,6.0,7.0,7.0,41
kacang tunis,Tidak Diketahui,3.20 g,351.0,12.2,72.9,1.2,0.0,1.0,29.5,16.33,20.33,22.43,1.79,0.07,0.0,0.0,0.0,0.0,0.0,0.0,0.0,78
"carica papaya, segar",Tidak Diketahui,0.90 g,24.0,1.9,3.7,0.2,0.0,0.0,1.0,1.12,3.17,1.14,0.3,0.0,0.0,0.0,0.0,0.0,0.0,0.0,0.0,21
rica-rica taipa,Tidak Diketahui,1.40 g,49.0,1.6,10.0,0.3,0.0,426.0,0.0,2.28,2.67,3.08,0.45,28.4,0.0,0.0,0.0,0.0,0.0,0.0,0.0,20
babi hutan masak rica,Tidak Diketahui,2.70 g,491.0,24.6,0.2,16.3,0.0,1415.0,0.0,22.84,41.0,0.06,24.33,94.33,0.0,0.0,0.0,0.0,0.0,0.0,0.0,68
"tikus rica, masakan",Tidak Diketahui,4 g,257.0,18.8,3.8,18.5,0.0,1724.0,0.0,11.95,31.33,1.17,27.61,114.93,0.0,0.0,0.0,0.0,0.0,0.0,0.0,25
"merica, kering",Tidak Diketahui,4.40 g,365.0,11.5,64.4,6.8,0.0,4.0,1.0,16.98,19.17,19.82,10.15,0.27,0.0,0.0,0.0,0.0,0.0,0.0,0.0,30
"ale, toge, tauge, kecambah, segar",Tidak Diketahui,0.70 g,37.0,4.4,3.8,0.5,0.0,2.0,1.7,1.72,7.33,1.17,0.75,0.13,0.0,0.0,0.0,0.0,0.0,0.0,0.0,64
folabee rasa coklat,PT. Serena Indopangan Industri,2 g,25.0,3.0,26.0,5.0,9.0,190.0,2.0,7.44,5.0,8.0,7.46,12.67,13.0,13.0,0.0,8.0,0.0,0.0,0.0,65
pop ice rasa cokelat,Tidak Diketahui,1 g,10.0,1.0,22.0,1.0,17.0,35.0,0.0,4.65,1.67,6.77,1.49,2.33,0.0,3.0,0.0,7.0,5.0,0.0,0.0,73
matcha tea latte,Tidak Diketahui,6.50 g,190.0,6.5,31.5,4.0,30.0,0.0,0.0,8.84,10.83,9.69,5.97,0.0,0.0,0.0,11.0,10.0,9.0,0.0,0.0,37
"labu kuning, segar",Tidak Diketahui,1.20 g,51.0,1.7,10.0,0.5,0.0,280.0,2.7,2.37,2.83,3.08,0.75,18.67,0.0,0.0,0.0,0.0,0.0,0.0,0.0,77
susu slim dan fit coklat,PT. Kalbe Nutritional,5 g,200.0,15.0,30.0,3.0,12.0,0.0,5.0,9.3,25.0,9.23,4.48,0.0,0.0,0.0,25.0,0.0,10.0,0.0,17.0,70
susu slim dan fit vanila,PT. Kalbe Nutritional,5 g,200.0,15.0,30.0,2.5,13.0,0.0,5.0,9.3,25.0,9.23,3.73,0.0,0.0,0.0,25.0,0.0,10.0,0.0,17.0,64
fitmee mie goreng korea,PT. FIT,3 g,150.0,1.0,29.0,4.0,6.0,400.0,3.0,6.98,1.67,8.92,5.97,26.67,0.0,27.0,0.0,9.0,0.0,0.0,10.0,37
fitmee rasa soto,PT. FIT,2 g,60.0,0.0,10.0,2.0,2.0,430.0,2.0,2.79,0.0,3.08,2.99,28.67,0.0,29.0,0.0,4.0,0.0,0.0,7.0,11
"terong asam, segar",Tidak Diketahui,0.80 g,37.0,2.0,6.3,0.4,0.0,3.0,3.2,1.72,3.33,1.94,0.6,0.2,0.0,0.0,0.0,0.0,0.0,0.0,0.0,48
lema / rebung asam,Tidak Diketahui,0.40 g,15.0,1.0,1.9,0.4,0.0,3.0,0.0,0.7,1.67,0.58,0.6,0.2,0.0,0.0,0.0,0.0,0.0,0.0,0.0,53
san remo pasta sauce spaghetti (mentah),PT. Sukanda djaya,3.80 g,457.0,15.0,90.0,2.5,3.1,0.0,3.8,21.26,25.0,27.69,3.73,0.0,0.0,0.0,25.0,28.0,22.0,0.0,0.0,53
pasta la fonte spaghetti with mushroom sauce,PT. Indofood CBP Sukses Makmur Tbk.,3 g,340.0,8.0,60.0,4.0,7.0,0.0,3.0,15.81,13.33,18.46,5.97,0.0,0.0,0.0,14.0,19.0,16.0,0.0,0.0,64
pasta la fonte spaghetti with chicken sauce,PT. Indofood CBP Sukses Makmur Tbk.,4 g,340.0,10.0,57.0,8.0,0.0,0.0,4.0,15.81,16.67,17.54,11.94,0.0,0.0,0.0,17.0,18.0,16.0,0.0,0.0,30
tini mini biti,Tidak Diketahui,1 g,60.0,1.0,8.0,2.5,0.0,140.0,0.0,2.79,1.67,2.46,3.73,9.33,0.0,10.0,0.0,0.0,3.0,4.0,0.0,28
kacang atom,Tidak Diketahui,2.20 g,533.0,27.8,28.8,38.1,0.0,0.0,2.5,24.79,46.33,8.86,56.87,0.0,0.0,0.0,0.0,0.0,0.0,0.0,0.0,63
"tomat merah, segar",Tidak Diketahui,0.60 g,24.0,1.3,4.7,0.5,0.0,10.0,1.5,1.12,2.17,1.45,0.75,0.67,0.0,0.0,0.0,0.0,0.0,0.0,0.0,32
"tomat muda, segar",Tidak Diketahui,2 g,24.0,2.0,3.3,0.7,0.0,10.0,1.8,1.12,3.33,1.02,1.04,0.67,0.0,0.0,0.0,0.0,0.0,0.0,0.0,43
ikan katombo asin,Tidak Diketahui,15.50 g,162.0,31.7,0.3,2.8,0.0,4393.0,0.0,7.53,52.83,0.09,4.18,292.87,0.0,0.0,0.0,0.0,0.0,0.0,0.0,63
yogurt greek yummy strawberry,PT. Heavenly nutrition indonesia,8 g,120.0,8.0,16.0,3.0,9.0,70.0,0.0,5.58,13.33,4.92,4.48,4.67,0.0,0.0,14.0,5.0,6.0,0.0,0.0,67
mayumi saus creamy serbaguna rasa pedas (180 g),PT. AJINOMOTO INDONESIA,591 g,100.0,0.0,3.0,10.0,3.0,270.0,0.0,4.65,0.0,0.92,14.93,18.0,0.0,18.0,0.0,0.0,0.0,0.0,0.0,64
yummy bites originak,CV. KUSUMA FOOD INDONESIA,2 g,50.0,2.0,8.0,1.0,2.0,35.0,0.0,2.33,3.33,2.46,1.49,2.33,0.0,3.0,4.0,3.0,0.0,0.0,0.0,74
soboro bread,Tidak Diketahui,1 g,300.0,7.0,56.0,7.0,16.0,0.0,1.0,13.95,11.67,17.23,10.45,0.0,0.0,0.0,12.0,18.0,14.0,0.0,0.0,19
beras siger,Tidak Diketahui,0.70 g,344.0,1.1,28.3,0.2,0.0,106.0,5.6,16.0,1.83,8.71,0.3,7.07,0.0,0.0,0.0,0.0,0.0,0.0,0.0,73
doritos nacho cheese,Tidak Diketahui,2 g,100.0,2.0,12.0,5.0,0.0,125.0,0.0,4.65,3.33,3.69,7.46,8.33,0.0,9.0,0.0,0.0,5.0,8.0,0.0,55
"ayam, ampela, goreng",Tidak Diketahui,1.80 g,270.0,32.3,9.9,11.2,0.0,980.0,0.0,12.56,53.83,3.05,16.72,65.33,0.0,0.0,0.0,0.0,0.0,0.0,0.0,15
"sop daging sapi, masakan",Tidak Diketahui,0.90 g,49.0,5.8,5.3,0.5,0.0,391.0,0.0,2.28,9.67,1.63,0.75,26.07,0.0,0.0,0.0,0.0,0.0,0.0,0.0,52
"sop kaki sapi, masakan",Tidak Diketahui,0.90 g,68.0,9.0,3.7,1.9,0.0,435.0,0.0,3.16,15.0,1.14,2.84,29.0,0.0,0.0,0.0,0.0,0.0,0.0,0.0,79
"gatep, segar",Tidak Diketahui,1.60 g,191.0,4.5,39.7,1.5,0.0,17.0,13.4,8.88,7.5,12.22,2.24,1.13,0.0,0.0,0.0,0.0,0.0,0.0,0.0,71
teh botol sosro tawar,PT. Mayora Indah Tbk.,0 g,0.0,0.0,0.0,0.0,0.0,0.0,0.0,0.0,0.0,0.0,0.0,0.0,0.0,0.0,0.0,0.0,0.0,0.0,0.0,76
keju castello brie,PT. Jerindo Jaya Abadi,0 g,73.0,5.0,0.03,6.0,0.03,0.0,0.0,3.4,8.33,0.01,8.96,0.0,0.0,0.0,9.0,0.0,4.0,9.0,0.0,32
keju castello camembert,Tidak Diketahui,5 g,73.0,5.0,0.03,6.0,0.03,0.0,0.0,3.4,8.33,0.01,8.96,0.0,0.0,0.0,9.0,0.0,4.0,9.0,0.0,67
"betok wadi, masakan",Tidak Diketahui,3.40 g,145.0,16.3,4.1,7.0,0.0,69.0,0.0,6.74,27.17,1.26,10.45,4.6,0.0,0.0,0.0,0.0,0.0,0.0,0.0,60
"ikan papuyu / betok, segar",Tidak Diketahui,1.20 g,120.0,14.3,4.6,4.9,0.0,240.0,0.0,5.58,23.83,1.42,7.31,16.0,0.0,0.0,0.0,0.0,0.0,0.0,0.0,70
diabetasol sweetener,PT. Kalbe Nutritional,0 g,0.0,0.0,1.0,0.0,0.0,0.0,0.0,0.0,0.0,0.31,0.0,0.0,0.0,0.0,0.0,1.0,0.0,0.0,0.0,59
milo cereal,PT. Nestle Indonesia,2 g,110.0,2.0,23.0,1.0,9.0,0.0,2.0,5.12,3.33,7.08,1.49,0.0,0.0,0.0,0.0,8.0,6.0,0.0,7.0,38
origo coffe cereal latte,Tidak Diketahui,6.80 g,238.0,6.8,38.69,6.0,17.39,0.0,0.0,11.07,11.33,11.9,8.96,0.0,0.0,0.0,12.0,12.0,12.0,0.0,0.0,67
ayam brand chilli tuna,PT. Ayam brand Indonesia,8 g,100.0,8.0,3.0,6.0,2.0,0.0,0.0,4.65,13.33,0.92,8.96,0.0,0.0,0.0,14.0,0.0,5.0,9.0,0.0,57
baked potato chili'n cheese,Tidak Diketahui,8 g,460.0,19.0,71.0,11.0,7.0,0.0,8.0,21.4,31.67,21.85,16.42,0.0,0.0,0.0,32.0,22.0,0.0,0.0,27.0,71
chili cheese fries ( 1 porsi),Tidak Diketahui,6 g,500.0,16.0,53.0,25.0,4.0,0.0,6.0,23.26,26.67,16.31,37.31,0.0,0.0,0.0,27.0,0.0,24.0,38.0,0.0,70
hilo teen,PT.Nutrifood indonesia,6 g,25.0,6.0,33.0,2.5,26.0,135.0,0.0,8.37,10.0,10.15,3.73,9.0,0.0,0.0,0.0,0.0,0.0,0.0,0.0,55
gemez enaak snack mi,PT. Siantar Top,2 g,40.0,2.0,13.0,4.0,0.0,240.0,0.0,4.65,3.33,4.0,5.97,16.0,0.0,16.0,0.0,0.0,0.0,6.0,0.0,38
pankreas kambing (mentah),Tidak Diketahui,0 g,152.0,14.84,0.0,9.82,0.0,0.0,0.0,7.07,24.73,0.0,14.66,0.0,0.0,0.0,25.0,0.0,0.0,15.0,0.0,42
domino pizza beef pepperoni feast,Tidak Diketahui,2 g,370.0,16.0,36.0,17.0,3.0,890.0,2.0,17.21,26.67,11.08,25.37,59.33,0.0,60.0,27.0,0.0,0.0,26.0,0.0,79
"jasuke, jagung susu keju",Tidak Diketahui,3.22 g,86.0,3.22,19.02,1.18,0.0,0.0,0.0,4.0,5.37,5.85,1.76,0.0,0.0,0.0,6.0,6.0,4.0,0.0,0.0,75
teh kotak jasmine tea,"PT. ULTRAJAYA MILK INDUSTRY & TRANDING CO,,TBK",0 g,100.0,0.0,26.0,0.0,26.0,15.0,0.0,4.65,0.0,8.0,0.0,1.0,0.0,1.0,0.0,8.0,5.0,0.0,0.0,28
sayur lilin-terubuk,Tidak Diketahui,1.40 g,36.0,2.7,4.8,0.7,0.0,30.0,1.4,1.67,4.5,1.48,1.04,2.0,0.0,0.0,0.0,0.0,0.0,0.0,0.0,44
yupi gummy pizza,PT. Yupi Indo Jelly Gum,1 g,0.0,1.0,12.0,0.0,8.0,0.0,0.0,2.33,1.67,3.69,0.0,0.0,0.0,0.0,2.0,4.0,3.0,0.0,0.0,20
"labu waluh, segar",Tidak Diketahui,1 g,32.0,1.1,6.6,0.1,0.0,1.0,0.5,1.49,1.83,2.03,0.15,0.07,0.0,0.0,0.0,0.0,0.0,0.0,0.0,43
waluh balamak,Tidak Diketahui,1 g,45.0,0.8,8.1,0.9,0.0,61.0,7.9,2.09,1.33,2.49,1.34,4.07,0.0,0.0,0.0,0.0,0.0,0.0,0.0,47
"ikan kawalinya, segar",Tidak Diketahui,1.70 g,110.0,12.6,5.4,4.2,0.0,340.0,0.0,5.12,21.0,1.66,6.27,22.67,0.0,0.0,0.0,0.0,0.0,0.0,0.0,67
brongkos,Tidak Diketahui,2.40 g,141.0,15.3,12.6,3.3,0.0,0.0,1.0,6.56,25.5,3.88,4.93,0.0,0.0,0.0,0.0,0.0,0.0,0.0,0.0,29
"mujahir acar kuning, masakan",Tidak Diketahui,4.60 g,330.0,17.8,12.1,23.4,0.0,0.0,1.1,15.35,29.67,3.72,34.93,0.0,0.0,0.0,0.0,0.0,0.0,0.0,0.0,80
kuaci rebo salted caramel,PT. Gumindo Bogamanis,1 g,50.0,2.0,1.0,4.0,0.0,90.0,1.0,2.33,3.33,0.31,5.97,6.0,0.0,6.0,0.0,0.0,0.0,6.0,4.0,47
wajik,Tidak Diketahui,1.99 g,152.0,1.99,34.2,0.68,0.0,70.0,0.0,7.07,3.32,10.52,1.01,4.67,0.0,5.0,0.0,11.0,8.0,0.0,0.0,40
"lantar, segar",Tidak Diketahui,0.80 g,34.0,2.2,5.5,0.3,0.0,3.0,2.9,1.58,3.67,1.69,0.45,0.2,0.0,0.0,0.0,0.0,0.0,0.0,0.0,19
"lontar, segar",Tidak Diketahui,0.40 g,27.0,0.4,6.0,0.2,0.0,0.0,1.6,1.26,0.67,1.85,0.3,0.0,0.0,0.0,0.0,0.0,0.0,0.0,0.0,63
"tekokak, segar",Tidak Diketahui,1 g,34.0,2.0,7.9,0.1,0.0,3.0,4.9,1.58,3.33,2.43,0.15,0.2,0.0,0.0,0.0,0.0,0.0,0.0,0.0,30
tekokak kering,Tidak Diketahui,8.10 g,302.0,8.3,72.6,1.7,0.0,9.0,21.2,14.05,13.83,22.34,2.54,0.6,0.0,0.0,0.0,0.0,0.0,0.0,0.0,47
"ikan kakap, segar",Tidak Diketahui,2.30 g,92.0,20.0,0.0,0.7,0.0,0.0,0.0,4.28,33.33,0.0,1.04,0.0,0.0,0.0,0.0,0.0,0.0,0.0,0.0,39
ikan papuyu bakar,Tidak Diketahui,3 g,152.0,17.6,6.7,6.1,0.0,320.0,0.0,7.07,29.33,2.06,9.1,21.33,0.0,0.0,0.0,0.0,0.0,0.0,0.0,41
"udang papay, mentah",Tidak Diketahui,11.50 g,273.0,47.8,12.5,3.8,0.0,651.0,0.0,12.7,79.67,3.85,5.67,43.4,0.0,0.0,0.0,0.0,0.0,0.0,0.0,17
san remo pasta sauce wholemeal (mentah),PT. Sukanda djaya,11 g,452.0,19.0,78.0,4.0,4.0,0.0,11.0,21.02,31.67,24.0,5.97,0.0,0.0,0.0,32.0,24.0,0.0,0.0,37.0,70
san remo pasta sauce spinach fettuccine(mentah),PT. Sukanda djaya,6 g,457.0,15.0,89.0,2.5,4.0,0.0,6.0,21.26,25.0,27.38,3.73,0.0,0.0,0.0,25.0,28.0,22.0,0.0,0.0,74
ongol-ongol sagu,Tidak Diketahui,0.50 g,111.0,0.3,21.2,2.7,0.0,0.0,0.3,5.16,0.5,6.52,4.03,0.0,0.0,0.0,0.0,0.0,0.0,0.0,0.0,39
"mangga golek, segar",Tidak Diketahui,0.40 g,63.0,0.5,16.7,0.2,0.0,3.0,2.3,2.93,0.83,5.14,0.3,0.2,0.0,0.0,0.0,0.0,0.0,0.0,0.0,22
indomie salted egg,PT. Indofood CBP Sukses Makmur Tbk.,2 g,480.0,11.0,53.0,25.0,6.0,0.0,2.0,22.33,18.33,16.31,37.31,0.0,0.0,0.0,19.0,0.0,23.0,38.0,0.0,29
sirup sunquick mango,PT.Lasallefood,0 g,45.0,0.0,10.0,0.0,9.0,0.0,0.0,2.09,0.0,3.08,0.0,0.0,0.0,0.0,0.0,4.0,3.0,0.0,0.0,61
"sapi, otak, segar",Tidak Diketahui,1.30 g,123.0,10.4,0.8,8.6,0.0,112.0,0.0,5.72,17.33,0.25,12.84,7.47,0.0,0.0,0.0,0.0,0.0,0.0,0.0,52
susu kental tak manis,Tidak Diketahui,1.50 g,138.0,7.0,9.9,7.9,0.0,140.0,0.0,6.42,11.67,3.05,11.79,9.33,0.0,0.0,0.0,0.0,0.0,0.0,0.0,35
"kucai, segar",Tidak Diketahui,0.90 g,45.0,2.2,10.3,0.3,0.0,21.0,4.8,2.09,3.67,3.17,0.45,1.4,0.0,0.0,0.0,0.0,0.0,0.0,0.0,34
"tumis bandeng, masakan",Tidak Diketahui,1.90 g,189.0,11.3,0.6,15.7,0.0,314.0,0.0,8.79,18.83,0.18,23.43,20.93,0.0,0.0,0.0,0.0,0.0,0.0,0.0,68
biji wijen,Tidak Diketahui,17.73 g,573.0,17.73,23.45,49.67,0.0,0.0,0.0,26.65,29.55,7.22,74.13,0.0,0.0,0.0,0.0,0.0,0.0,0.0,0.0,80
domino pizza extravaganza,Tidak Diketahui,2 g,390.0,17.0,38.0,18.0,3.0,970.0,2.0,18.14,28.33,11.69,26.87,64.67,0.0,65.0,29.0,0.0,0.0,27.0,0.0,59
"daun kacang panjang, segar",Tidak Diketahui,1.10 g,30.0,3.1,5.8,0.3,0.0,7.0,1.7,1.4,5.17,1.78,0.45,0.47,0.0,0.0,0.0,0.0,0.0,0.0,0.0,40
"kacang panjang, segar",Tidak Diketahui,0.50 g,31.0,2.3,5.3,0.1,0.0,30.0,2.7,1.44,3.83,1.63,0.15,2.0,0.0,0.0,0.0,0.0,0.0,0.0,0.0,54
"terung panjang, segar",Tidak Diketahui,0.70 g,25.0,2.1,5.3,0.1,0.0,9.0,0.5,1.16,3.5,1.63,0.15,0.6,0.0,0.0,0.0,0.0,0.0,0.0,0.0,22
"ubi jalar merah, segar",Tidak Diketahui,0.60 g,151.0,1.6,35.4,0.3,0.0,92.0,0.7,7.02,2.67,10.89,0.45,6.13,0.0,0.0,0.0,0.0,0.0,0.0,0.0,21
"ubi jalar putih, segar",Tidak Diketahui,0.80 g,88.0,0.4,20.6,0.4,0.0,2.0,4.0,4.09,0.67,6.34,0.6,0.13,0.0,0.0,0.0,0.0,0.0,0.0,0.0,14
pork belly,Tidak Diketahui,9.34 g,518.0,9.34,0.0,53.01,0.0,0.0,0.0,24.09,15.57,0.0,79.12,0.0,0.0,0.0,0.0,0.0,0.0,0.0,0.0,30
nugget ayam akumo,PT. CHAROEN POKPHAND,13 g,340.0,13.0,30.0,19.0,0.0,610.0,0.0,15.81,21.67,9.23,28.36,40.67,40.0,41.0,0.0,0.0,0.0,29.0,0.0,29
nutrijell balanced color delima,PT. Forisa Nusapersada,1 g,0.0,0.0,3.0,0.0,1.0,15.0,1.0,0.47,0.0,0.92,0.0,1.0,0.0,1.0,0.0,1.0,0.0,0.0,4.0,42
ellenka fiber creme,PT. Sarana Karya Utama,1 g,10.0,0.0,2.0,1.0,0.0,5.0,1.0,0.7,0.0,0.62,1.49,0.33,5.0,0.0,0.0,0.0,0.0,2.0,4.0,35
teh pucuk harum,PT. Mayora Indah Tbk.,0 g,140.0,0.0,36.0,0.0,36.0,0.0,0.0,6.51,0.0,11.08,0.0,0.0,0.0,0.0,0.0,12.0,7.0,0.0,0.0,13
sambal cuk original cabe,CV. SAMBAL CUK,4 g,160.0,1.0,9.0,13.0,3.0,0.0,4.0,7.44,1.67,2.77,19.4,0.0,0.0,0.0,0.0,0.0,8.0,20.0,14.0,65
sambal cuk ikan roa asap,CV. SAMBAL CUK,3 g,220.0,4.0,7.0,20.0,4.0,0.0,3.0,10.23,6.67,2.15,29.85,0.0,0.0,0.0,0.0,0.0,11.0,30.0,10.0,44
ladaku merica bubuk,Tidak Diketahui,0 g,10.0,0.0,2.0,0.0,0.0,0.0,0.0,0.47,0.0,0.62,0.0,0.0,0.0,0.0,0.0,1.0,1.0,0.0,0.0,77
gerry salut malkist rasa chocolate,PT.Garudafood Putra Putri Jaya,2 g,130.0,2.0,19.0,5.0,5.0,120.0,0.0,6.05,3.33,5.85,7.46,8.0,13.0,8.0,0.0,0.0,0.0,8.0,0.0,23
lobster,Tidak Diketahui,1.88 g,77.0,16.52,0.0,0.75,0.0,423.0,0.0,3.58,27.53,0.0,1.12,28.2,0.0,0.0,0.0,0.0,0.0,0.0,0.0,28
teh frestea,Tidak Diketahui,0 g,160.0,0.0,40.0,0.0,36.0,0.0,0.0,7.44,0.0,12.31,0.0,0.0,0.0,0.0,0.0,13.0,8.0,0.0,0.0,49
baked lotus paste mooncake,Tidak Diketahui,1.34 g,191.0,2.78,25.38,8.66,0.0,0.0,1.34,8.88,4.63,7.81,12.93,0.0,0.0,0.0,0.0,8.0,9.0,13.0,0.0,76
sushi hand roll unagi,Tidak Diketahui,1 g,152.0,9.0,14.0,6.0,1.0,0.0,1.0,7.07,15.0,4.31,8.96,0.0,0.0,0.0,15.0,0.0,8.0,9.0,0.0,77
sushi hand roll shrimp,Tidak Diketahui,1 g,90.0,8.0,9.0,2.0,0.5,0.0,1.0,4.19,13.33,2.77,2.99,0.0,0.0,0.0,14.0,0.0,5.0,0.0,4.0,77
"saboko gurita, masakan",Tidak Diketahui,4.10 g,87.0,15.7,2.6,1.5,0.0,200.0,0.0,4.05,26.17,0.8,2.24,13.33,0.0,0.0,0.0,0.0,0.0,0.0,0.0,43
coklat ritter sport whole almonds,PT. Nirwana Lestari,3 g,140.0,3.0,13.0,9.0,9.0,0.0,0.0,6.51,5.0,4.0,13.43,0.0,0.0,0.0,5.0,0.0,7.0,14.0,0.0,31
"daun paku, segar",Tidak Diketahui,1.20 g,29.0,3.4,6.5,0.1,0.0,19.0,4.3,1.35,5.67,2.0,0.15,1.27,0.0,0.0,0.0,0.0,0.0,0.0,0.0,62
"ketimun krai, segar",Tidak Diketahui,0.50 g,10.0,0.5,2.0,0.2,0.0,10.0,0.6,0.47,0.83,0.62,0.3,0.67,0.0,0.0,0.0,0.0,0.0,0.0,0.0,68
"kranji, segar",Tidak Diketahui,2.90 g,315.0,2.1,73.5,1.4,0.0,0.0,3.6,14.65,3.5,22.62,2.09,0.0,0.0,0.0,0.0,0.0,0.0,0.0,0.0,48
quaker 3 in 1,PT. Yellow Pages,1 g,120.0,1.0,22.0,3.0,11.0,0.0,1.0,5.58,1.67,6.77,4.48,0.0,0.0,0.0,0.0,7.0,6.0,5.0,0.0,51
"ikan teri, bubuk, mentah",Tidak Diketahui,20.90 g,277.0,60.0,1.8,2.3,0.0,0.0,0.0,12.88,100.0,0.55,3.43,0.0,0.0,0.0,0.0,0.0,0.0,0.0,0.0,32
heavenly kitchen thai tea latte,PT. Heavenly nutrition indonesia,1 g,100.0,1.0,19.0,2.5,0.0,70.0,0.0,4.65,1.67,5.85,3.73,4.67,0.0,5.0,0.0,6.0,5.0,0.0,0.0,32
milkita assorted milk candy,PT. United Family Food,0 g,15.0,0.0,14.0,1.5,9.0,5.0,0.0,3.26,0.0,4.31,2.24,0.33,0.0,0.0,0.0,5.0,4.0,3.0,0.0,64
"kundur, segar",Tidak Diketahui,0.70 g,22.0,0.4,4.7,0.2,0.0,2.0,1.3,1.02,0.67,1.45,0.3,0.13,0.0,0.0,0.0,0.0,0.0,0.0,0.0,48
lempog durian,Tidak Diketahui,1.90 g,320.0,3.5,63.7,5.7,0.0,0.0,4.9,14.88,5.83,19.6,8.51,0.0,0.0,0.0,0.0,0.0,0.0,0.0,0.0,47
saladstop go geisha,Tidak Diketahui,5.80 g,259.2,13.6,31.2,9.6,15.9,0.0,5.8,12.06,22.67,9.6,14.33,0.0,0.0,0.0,23.0,0.0,0.0,15.0,20.0,64
beng beng shake it,Tidak Diketahui,1 g,45.0,1.0,6.0,2.5,0.0,20.0,0.0,2.09,1.67,1.85,3.73,1.33,0.0,0.0,0.0,2.0,3.0,4.0,0.0,54
f1 shake mix,Tidak Diketahui,9 g,100.0,9.0,13.0,1.0,0.0,180.0,0.0,4.65,15.0,4.0,1.49,12.0,0.0,12.0,15.0,0.0,5.0,0.0,0.0,11
tepung bumbu kobe kentucky super crispy,PT. Kobe Boga Utama,1 g,70.0,2.0,14.0,0.0,1.0,0.0,1.0,3.26,3.33,4.31,0.0,0.0,0.0,0.0,4.0,5.0,0.0,0.0,4.0,24
tepung bumbu kobe bakwan & perkedel,PT. Kobe Boga Utama,2 g,70.0,2.0,15.0,0.0,1.0,0.0,2.0,3.26,3.33,4.62,0.0,0.0,0.0,0.0,4.0,5.0,0.0,0.0,7.0,23
tepung bumbu kobe pisang goreng,PT. Kobe Boga Utama,2 g,70.0,1.0,16.0,0.0,2.0,0.0,2.0,3.26,1.67,4.92,0.0,0.0,0.0,0.0,0.0,5.0,4.0,0.0,7.0,80
tepung bumbu kobe bumbu kalasan,PT. Kobe Boga Utama,1 g,70.0,0.0,15.0,0.0,3.0,0.0,1.0,3.26,0.0,4.62,0.0,0.0,0.0,0.0,0.0,5.0,4.0,0.0,4.0,70
tepung bumbu kobe tempe goreng,PT. Kobe Boga Utama,1 g,70.0,2.0,14.0,0.0,1.0,0.0,1.0,3.26,3.33,4.31,0.0,0.0,0.0,0.0,4.0,5.0,0.0,0.0,4.0,58
"ikan bandeng presto, masakan",Tidak Diketahui,6 g,296.0,17.1,11.3,20.3,0.0,0.0,0.0,13.77,28.5,3.48,30.3,0.0,0.0,0.0,0.0,0.0,0.0,0.0,0.0,29
haverjoy havermix instant oats & choco chips,Tidak Diketahui,4 g,25.0,4.0,25.0,3.0,0.0,10.0,0.0,6.51,6.67,7.69,4.48,0.67,0.0,0.0,7.0,8.0,0.0,0.0,0.0,61
haverjoy rolled oats,Tidak Diketahui,4 g,140.0,4.0,24.0,3.5,0.0,0.0,0.0,6.51,6.67,7.38,5.22,0.0,0.0,0.0,7.0,8.0,7.0,0.0,0.0,68
susu kedelai v soy,PT. Sukanda djaya,8 g,188.0,8.0,21.0,8.5,15.0,0.0,0.0,8.74,13.33,6.46,12.69,0.0,0.0,0.0,14.0,0.0,9.0,13.0,0.0,53
soyjoy,PT. Amerta indah otsuka,5 g,150.0,5.0,12.0,9.0,7.0,0.0,5.0,6.98,8.33,3.69,13.43,0.0,0.0,0.0,9.0,0.0,0.0,14.0,17.0,13
soylicious sweetened,Tidak Diketahui,7 g,70.0,7.0,6.0,3.5,0.0,0.0,0.0,3.26,11.67,1.85,5.22,0.0,0.0,0.0,12.0,0.0,4.0,6.0,0.0,46
keripik singkong bumbu,Tidak Diketahui,2.30 g,481.0,2.2,73.6,19.7,0.0,0.0,1.6,22.37,3.67,22.65,29.4,0.0,0.0,0.0,0.0,0.0,0.0,0.0,0.0,68
serimping talas kebumen,Tidak Diketahui,2.30 g,478.0,2.5,69.2,21.2,0.0,0.0,1.7,22.23,4.17,21.29,31.64,0.0,0.0,0.0,0.0,0.0,0.0,0.0,0.0,50
cadbury dairy milk oreo,PT. Cadbury Indonesia,2 g,100.0,2.0,17.0,11.0,13.0,60.0,0.0,7.91,3.33,5.23,16.42,4.0,30.0,0.0,0.0,0.0,8.0,17.0,0.0,80
top avocado coffee,PT.Wings food,1 g,90.0,1.0,15.0,3.0,10.0,25.0,0.0,4.19,1.67,4.62,4.48,1.67,15.0,0.0,0.0,5.0,0.0,5.0,0.0,23
"daun singkong ampenan, segar",Tidak Diketahui,1.20 g,50.0,6.2,7.1,1.1,0.0,49.0,2.4,2.33,10.33,2.18,1.64,3.27,0.0,0.0,0.0,0.0,0.0,0.0,0.0,15
"pisang mas bali ampenan, segar",Tidak Diketahui,0.50 g,92.0,1.4,21.0,0.2,0.0,32.0,3.7,4.28,2.33,6.46,0.3,2.13,0.0,0.0,0.0,0.0,0.0,0.0,0.0,64
"lawar penyu, masakan",Tidak Diketahui,1.60 g,141.0,23.0,7.6,1.5,0.0,0.0,0.0,6.56,38.33,2.34,2.24,0.0,0.0,0.0,0.0,0.0,0.0,0.0,0.0,80
"daun gunda serang, segar",Tidak Diketahui,1.10 g,62.0,4.2,9.2,0.9,0.0,0.0,1.3,2.88,7.0,2.83,1.34,0.0,0.0,0.0,0.0,0.0,0.0,0.0,0.0,67
"penyu, serapah, masakan",Tidak Diketahui,1.20 g,174.0,13.1,2.2,12.2,0.0,0.0,0.0,8.09,21.83,0.68,18.21,0.0,0.0,0.0,0.0,0.0,0.0,0.0,0.0,78
anlene (cokelat),PT. Fonterra brands,7 g,135.0,7.0,21.0,3.0,20.0,0.0,0.0,6.28,11.67,6.46,4.48,0.0,0.0,0.0,12.0,7.0,7.0,0.0,0.0,62
energen sereal cokelat,PT. Mayora Indah Tbk.,1 g,130.0,1.0,23.0,3.5,17.0,0.0,1.0,6.05,1.67,7.08,5.22,0.0,0.0,0.0,0.0,8.0,7.0,6.0,0.0,19
nutrive benecol,PT. Kalbe Nutritional,0 g,60.0,1.0,9.0,2.0,4.0,0.0,0.0,2.79,1.67,2.77,2.99,0.0,0.0,0.0,0.0,3.0,3.0,3.0,0.0,52
sale kesemek,Tidak Diketahui,1.80 g,296.0,1.1,71.4,0.6,0.0,0.0,0.0,13.77,1.83,21.97,0.9,0.0,0.0,0.0,0.0,0.0,0.0,0.0,0.0,42
buah pir / pear,Tidak Diketahui,83.96 g,57.0,0.36,15.23,0.14,0.0,1.0,3.1,2.65,0.6,4.69,0.21,0.07,0.0,0.0,0.0,0.0,0.0,0.0,0.0,79
ikan salmon,Tidak Diketahui,1.33 g,179.0,19.93,0.0,10.43,0.0,47.0,0.0,8.33,33.22,0.0,15.57,3.13,0.0,0.0,0.0,0.0,0.0,0.0,0.0,27
"ikan pepetek, mentah",Tidak Diketahui,28.60 g,176.0,32.0,2.0,4.4,0.0,79.0,0.0,8.19,53.33,0.62,6.57,5.27,0.0,0.0,0.0,0.0,0.0,0.0,0.0,15
"ketimun, mentimun, timun, segar",Tidak Diketahui,0.30 g,8.0,0.2,1.4,0.2,0.0,2.0,0.3,0.37,0.33,0.43,0.3,0.13,0.0,0.0,0.0,0.0,0.0,0.0,0.0,51
a&w root beer float,Tidak Diketahui,0 g,350.0,2.0,77.0,5.0,64.0,0.0,0.0,16.28,3.33,23.69,7.46,0.0,0.0,0.0,0.0,24.0,17.0,8.0,0.0,17
indomie tengkleng,PT. Indofood CBP Sukses Makmur Tbk.,7 g,350.0,9.0,45.0,14.0,2.0,0.0,7.0,16.28,15.0,13.85,20.9,0.0,0.0,0.0,0.0,0.0,17.0,21.0,24.0,68
v-soy multigrain,Tidak Diketahui,1.20 g,138.0,5.4,15.2,6.0,14.0,106.0,1.2,6.42,9.0,4.68,8.96,7.07,0.0,0.0,0.0,0.0,0.0,0.0,0.0,78
"sukiyaki, masakan",Tidak Diketahui,0.80 g,75.0,5.6,12.2,0.4,0.0,426.0,0.2,3.49,9.33,3.75,0.6,28.4,0.0,0.0,0.0,0.0,0.0,0.0,0.0,50
jules drestrooper speculoos,Tidak Diketahui,3 g,545.0,3.0,53.0,35.0,41.0,600.0,0.0,25.35,5.0,16.31,52.24,40.0,0.0,40.0,0.0,0.0,26.0,53.0,0.0,60
"balingo, segar",Tidak Diketahui,0.30 g,15.0,0.4,3.0,0.2,0.0,2.0,0.4,0.7,0.67,0.92,0.3,0.13,0.0,0.0,0.0,0.0,0.0,0.0,0.0,51
"daun gunda bali, segar",Tidak Diketahui,1.10 g,50.0,4.6,7.0,0.9,0.0,0.0,1.4,2.33,7.67,2.15,1.34,0.0,0.0,0.0,0.0,0.0,0.0,0.0,0.0,49
kacang ranti polong,Tidak Diketahui,0.30 g,37.0,3.1,7.9,0.2,0.0,0.0,2.5,1.72,5.17,2.43,0.3,0.0,0.0,0.0,0.0,0.0,0.0,0.0,0.0,65
jambu biji putih tidak berbiji,Tidak Diketahui,0.60 g,61.0,0.9,15.4,0.3,0.0,20.0,4.5,2.84,1.5,4.74,0.45,1.33,0.0,0.0,0.0,0.0,0.0,0.0,0.0,33
"kerbau, daging, segar",Tidak Diketahui,0.80 g,79.0,18.7,0.0,0.5,0.0,91.0,0.0,3.67,31.17,0.0,0.75,6.07,0.0,0.0,0.0,0.0,0.0,0.0,0.0,32
"ikan terbang, segar",Tidak Diketahui,1.60 g,98.0,19.6,1.0,1.7,0.0,90.0,0.0,4.56,32.67,0.31,2.54,6.0,0.0,0.0,0.0,0.0,0.0,0.0,0.0,41
bluberry,Tidak Diketahui,7.50 g,317.0,2.5,80.0,2.5,0.0,0.0,7.5,14.74,4.17,24.62,3.73,0.0,0.0,0.0,0.0,0.0,0.0,0.0,0.0,24
selai smucker's blueberry,PT. Sonton Food Indonesia,0 g,50.0,0.0,13.0,0.0,12.0,0.0,0.0,2.33,0.0,4.0,0.0,0.0,0.0,0.0,0.0,4.0,3.0,0.0,0.0,57
gilus mix aroma vanila (isi 10 sachet),PT. TORABIKA EKA SEMESTA,1 g,90.0,1.0,21.0,0.5,17.0,0.0,0.0,4.19,1.67,6.46,0.75,0.0,0.0,0.0,2.0,7.0,5.0,0.0,0.0,59
"petai, segar",Tidak Diketahui,1.10 g,92.0,5.4,15.2,1.1,0.0,55.0,2.0,4.28,9.0,4.68,1.64,3.67,0.0,0.0,0.0,0.0,0.0,0.0,0.0,71
nagasari,Tidak Diketahui,2.09 g,154.0,2.09,30.25,2.87,0.0,91.0,0.0,7.16,3.48,9.31,4.28,6.07,0.0,7.0,0.0,10.0,8.0,0.0,0.0,74
petis ikan,Tidak Diketahui,3 g,165.0,20.0,20.8,0.2,0.0,0.0,0.0,7.67,33.33,6.4,0.3,0.0,0.0,0.0,0.0,0.0,0.0,0.0,0.0,69
petis udang kering,Tidak Diketahui,7.10 g,345.0,23.8,59.3,1.4,0.0,11998.0,0.0,16.05,39.67,18.25,2.09,799.87,0.0,0.0,0.0,0.0,0.0,0.0,0.0,11
saus curry,Tidak Diketahui,1 g,70.0,1.0,7.0,4.5,5.0,0.0,1.0,3.26,1.67,2.15,6.72,0.0,0.0,0.0,0.0,0.0,4.0,7.0,4.0,10
bihunku white curry,PT. Tiga Pilar Sejahtera Food Tbk,2 g,220.0,2.0,38.0,6.0,4.0,0.0,0.0,10.23,3.33,11.69,8.96,0.0,0.0,0.0,0.0,12.0,11.0,9.0,0.0,32
steamed beancurd sheet roll,Tidak Diketahui,6.20 g,150.0,6.2,3.0,12.0,0.0,250.0,0.0,6.98,10.33,0.92,17.91,16.67,0.0,17.0,11.0,0.0,0.0,18.0,0.0,39
froot loops,Tidak Diketahui,3 g,120.0,2.0,26.0,0.5,11.0,0.0,3.0,5.58,3.33,8.0,0.75,0.0,0.0,0.0,0.0,8.0,6.0,0.0,10.0,63
mcfloat,Tidak Diketahui,1.04 g,107.0,1.04,1.36,11.03,0.0,25.0,0.0,4.98,1.73,0.42,16.46,1.67,0.0,0.0,2.0,0.0,5.0,17.0,0.0,13
"daun mangkokan, segar",Tidak Diketahui,2.20 g,57.0,3.7,11.8,0.3,0.0,0.0,0.0,2.65,6.17,3.63,0.45,0.0,0.0,0.0,0.0,0.0,0.0,0.0,0.0,62
"kokosan, segar",Tidak Diketahui,0.20 g,86.0,1.6,13.0,0.2,0.0,2.0,1.4,4.0,2.67,4.0,0.3,0.13,0.0,0.0,0.0,0.0,0.0,0.0,0.0,45
coolant minuman,PT. Sari Enesis Indonesia,0 g,100.0,0.0,25.0,0.0,23.0,0.0,0.0,4.65,0.0,7.69,0.0,0.0,0.0,0.0,0.0,8.0,5.0,0.0,0.0,37
etira singkong stik,PT.Etira Champimer Indonesia,3 g,170.0,1.0,40.0,1.0,0.0,0.0,3.0,7.91,1.67,12.31,1.49,0.0,0.0,0.0,0.0,13.0,8.0,0.0,10.0,37
kacang merah kering,Tidak Diketahui,2.90 g,314.0,22.1,56.2,1.1,0.0,11.0,4.0,14.6,36.83,17.29,1.64,0.73,0.0,0.0,0.0,0.0,0.0,0.0,0.0,15
sariroti roti sobek coklat,PT. Wilmar Nabati Indonesia,2 g,370.0,7.0,56.0,13.0,17.0,250.0,2.0,17.21,11.67,17.23,19.4,16.67,0.0,0.0,0.0,18.0,18.0,20.0,0.0,16
roti mr.bread sobek keju,Tidak Diketahui,5 g,200.0,5.0,33.0,6.0,0.0,250.0,0.0,9.3,8.33,10.15,8.96,16.67,0.0,17.0,0.0,11.0,10.0,0.0,0.0,25
roti sobek cokelat keju sari roti,Tidak Diketahui,6 g,350.0,9.0,51.0,12.0,16.0,500.0,6.0,16.28,15.0,15.69,17.91,33.33,30.0,34.0,0.0,0.0,0.0,0.0,20.0,79
"domba, ginjal, segar",Tidak Diketahui,1.30 g,100.0,16.6,1.0,3.3,0.0,155.0,0.0,4.65,27.67,0.31,4.93,10.33,0.0,0.0,0.0,0.0,0.0,0.0,0.0,27
yupi bolicious very strawberry,Tidak Diketahui,1 g,50.0,1.0,12.0,0.0,0.0,5.0,0.0,2.33,1.67,3.69,0.0,0.33,0.0,0.0,2.0,4.0,3.0,0.0,0.0,21
yupi fruit bites,PT. Yupi Indo Jelly Gum,1 g,0.0,1.0,12.0,0.0,6.0,0.0,0.0,2.33,1.67,3.69,0.0,0.0,0.0,0.0,2.0,4.0,3.0,0.0,0.0,39
"ikan dendeng mujahir, mentah",Tidak Diketahui,14.10 g,582.0,68.3,37.2,15.2,0.0,0.0,0.0,27.07,113.83,11.45,22.69,0.0,0.0,0.0,0.0,0.0,0.0,0.0,0.0,52
"dendeng mujahir goreng, masakan",Tidak Diketahui,13.10 g,598.0,74.3,9.2,26.9,0.0,0.0,0.0,27.81,123.83,2.83,40.15,0.0,0.0,0.0,0.0,0.0,0.0,0.0,0.0,58
chicken nugget,Tidak Diketahui,15.58 g,297.0,15.58,16.32,18.82,0.0,574.0,0.0,13.81,25.97,5.02,28.09,38.27,0.0,39.0,26.0,0.0,0.0,29.0,0.0,56
belfoods chicken nugget crunch,PT. Belfoods Indonesia,15 g,290.0,15.0,15.0,19.0,0.0,460.0,0.0,13.49,25.0,4.62,28.36,30.67,0.0,31.0,25.0,0.0,0.0,29.0,0.0,16
champ combination chicken nugget,PT. Charoen Pokphand Indonesia Tbk.,12 g,90.0,12.0,8.0,20.0,0.0,720.0,0.0,11.63,20.0,2.46,29.85,48.0,50.0,48.0,0.0,0.0,0.0,30.0,0.0,43
"selada, segar",Tidak Diketahui,0.90 g,18.0,1.2,2.9,0.2,0.0,19.0,1.8,0.84,2.0,0.89,0.3,1.27,0.0,0.0,0.0,0.0,0.0,0.0,0.0,24
selada rebus,Tidak Diketahui,0.70 g,19.0,2.7,2.9,0.2,0.0,24.0,0.7,0.88,4.5,0.89,0.3,1.6,0.0,0.0,0.0,0.0,0.0,0.0,0.0,16
"teri belado, masakan",Tidak Diketahui,10.90 g,365.0,23.7,17.5,22.3,0.0,0.0,0.0,16.98,39.5,5.38,33.28,0.0,0.0,0.0,0.0,0.0,0.0,0.0,0.0,63
"daun lobak, segar",Tidak Diketahui,1.40 g,30.0,2.3,5.8,0.4,0.0,16.0,3.2,1.4,3.83,1.78,0.6,1.07,0.0,0.0,0.0,0.0,0.0,0.0,0.0,34
"lobak, segar",Tidak Diketahui,0.70 g,21.0,0.9,4.2,0.1,0.0,49.0,1.4,0.98,1.5,1.29,0.15,3.27,0.0,0.0,0.0,0.0,0.0,0.0,0.0,44
swallow globe agar agar bubuk vanilla,PT. Agarindo Bogatama,0 g,5.0,0.0,2.0,0.0,0.0,0.0,0.0,0.23,0.0,0.62,0.0,0.0,0.0,0.0,0.0,1.0,1.0,0.0,0.0,41
"saboko saltan, masakan",Tidak Diketahui,0.30 g,113.0,17.1,3.0,3.6,0.0,40.0,0.0,5.26,28.5,0.92,5.37,2.67,0.0,0.0,0.0,0.0,0.0,0.0,0.0,55
"saboko sardin, masakan",Tidak Diketahui,7.90 g,110.0,12.9,4.9,4.3,0.0,200.0,0.0,5.12,21.5,1.51,6.42,13.33,0.0,0.0,0.0,0.0,0.0,0.0,0.0,26
"lawar babi, masakan",Tidak Diketahui,1.20 g,174.0,17.0,3.0,10.0,0.0,0.0,0.0,8.09,28.33,0.92,14.93,0.0,0.0,0.0,0.0,0.0,0.0,0.0,0.0,71
"lawara jangang, masakan",Tidak Diketahui,1.60 g,159.0,5.0,10.1,10.9,0.0,400.0,0.0,7.4,8.33,3.11,16.27,26.67,0.0,0.0,0.0,0.0,0.0,0.0,0.0,31
susu anlene gold plus hi-calsium,Tidak Diketahui,6 g,10.0,6.0,20.0,1.0,0.0,90.0,0.0,5.12,10.0,6.15,1.49,6.0,0.0,0.0,0.0,0.0,0.0,0.0,0.0,20
a&w,Tidak Diketahui,0 g,170.0,0.0,43.0,0.0,43.0,0.0,0.0,7.91,0.0,13.23,0.0,0.0,0.0,0.0,0.0,14.0,8.0,0.0,0.0,16
a&w root beer,Tidak Diketahui,0 g,290.0,0.0,78.0,0.0,75.0,0.0,0.0,13.49,0.0,24.0,0.0,0.0,0.0,0.0,0.0,24.0,14.0,0.0,0.0,48
a&w burger mozza,Tidak Diketahui,2 g,550.0,25.0,43.0,33.0,12.0,0.0,2.0,25.58,41.67,13.23,49.25,0.0,0.0,0.0,42.0,0.0,26.0,50.0,0.0,21
a&w burger cheeseburger,Tidak Diketahui,1 g,398.0,15.0,39.0,21.0,9.0,0.0,1.0,18.51,25.0,12.0,31.34,0.0,0.0,0.0,25.0,0.0,19.0,32.0,0.0,14
v-soy soya bean milk low sugar,PT. Sukanda djaya,2.70 g,56.0,2.7,5.2,2.7,2.2,0.0,0.0,2.6,4.5,1.6,4.03,0.0,6.0,0.0,5.0,0.0,0.0,5.0,0.0,74
prenagen esensis,PT.Sanghiang perkasa,6 g,150.0,6.0,29.0,1.0,0.0,150.0,0.0,6.98,10.0,8.92,1.49,10.0,0.0,10.0,10.0,9.0,0.0,0.0,0.0,29
"pisang ketip, segar",Tidak Diketahui,0.70 g,145.0,1.1,34.5,0.3,0.0,4.0,6.6,6.74,1.83,10.62,0.45,0.27,0.0,0.0,0.0,0.0,0.0,0.0,0.0,48
"buaya, daging, dendeng, mentah",Tidak Diketahui,2.50 g,365.0,49.6,30.8,4.8,0.0,500.0,0.0,16.98,82.67,9.48,7.16,33.33,0.0,0.0,0.0,0.0,0.0,0.0,0.0,53
kacang tanah rebus dengan kulit,Tidak Diketahui,2.30 g,360.0,13.5,12.8,31.2,0.0,32.0,0.0,16.74,22.5,3.94,46.57,2.13,0.0,0.0,0.0,0.0,0.0,0.0,0.0,51
